Workbook
Name EarnField: Control!$B$5
Name TkrSuffix: Control!$B$4

Sheet README
A1: README — Earnings announcement history (Bloomberg BDS)
A2: For human readers and AI models: read this sheet before using the data.
A4: Key | B4: Value
A5: content | B5: Historical earnings announcement dates/times with EPS, one block per stock.
A6: bloomberg_field | B6: EARN_ANN_DT_TIME_HIST_WITH_EPS (BDS bulk field; see Control!B5)
A7: columns | B7: Year/Period | Announcement Date | Announcement Time | Earnings EPS | Comparable EPS | Estimate EPS
A8: eps_definitions | B8: As defined by Bloomberg for this field. Check FLDS <GO> on the terminal for the exact definitions of Earnings vs Comparable vs Estimate EPS and the time zone of Announcement Time before relying on them.
A9: row_order | B9: As returned by Bloomberg (not re-sorted in this workbook).
A10: history_depth | B10: As returned by Bloomberg; varies by stock. Recent listings (PLTR, COIN, HOOD) have short histories.
A11: fiscal_periods | B11: Year/Period is each company's FISCAL period, not calendar quarter (e.g. AAPL, MSFT, NVDA, ORCL, COST, CRM, ADBE have non-December fiscal years).
A12: currency | B12: TSM is the NYSE ADR; check EPS currency/ADR ratio basis before comparing to TWSE-listed 2330.
A13: layout | B13: Data sheet: one 6-column block per stock + 1 spacer column. Row 1 ticker, row 2 Bloomberg security, row 3 headers, data from row 4. Rows are NOT aligned across stocks.
A14: source | B14: Bloomberg BDS via Excel add-in

Sheet Control
A1: Earnings Dates Pull — Control Panel
A2: Yellow cells are inputs (blue text).
A4: Ticker suffix | B4: US Equity | C4: Appended to each ticker (leading space).
A5: BDS field | B5: EARN_ANN_DT_TIME_HIST_WITH_EPS | C5: From your AAPL formula.
A8: Ticker list
A9: # | B9: Ticker | C9: Bloomberg security | D9: Block starts at (Data col) | F9: Notes
A10: 1 | B10: AAPL | C10: =B10&TkrSuffix -> AAPL US Equity | D10: A | F10: 1. Open in Excel with the Bloomberg add-in logged in; BDS cells show a name error until then.
A11: 2 | B11: AMZN | C11: =B11&TkrSuffix -> AMZN US Equity | D11: H | F11: 2. Bloomberg ribbon > Refresh Worksheet on the Data sheet.
A12: 3 | B12: GOOGL | C12: =B12&TkrSuffix -> GOOGL US Equity | D12: O | F12: 3. BDS is a bulk field: each block spills down a variable number of rows.
A13: 4 | B13: META | C13: =B13&TkrSuffix -> META US Equity | D13: V | F13: 4. Once loaded, Paste Values into a new sheet (keep README) so reopening doesn't re-pull.
A14: 5 | B14: MSFT | C14: =B14&TkrSuffix -> MSFT US Equity | D14: AC
A15: 6 | B15: NFLX | C15: =B15&TkrSuffix -> NFLX US Equity | D15: AJ
A16: 7 | B16: NVDA | C16: =B16&TkrSuffix -> NVDA US Equity | D16: AQ
A17: 8 | B17: PLTR | C17: =B17&TkrSuffix -> PLTR US Equity | D17: AX
A18: 9 | B18: TSLA | C18: =B18&TkrSuffix -> TSLA US Equity | D18: BE
A19: 10 | B19: TSM | C19: =B19&TkrSuffix -> TSM US Equity | D19: BL
A20: 11 | B20: AVGO | C20: =B20&TkrSuffix -> AVGO US Equity | D20: BS
A21: 12 | B21: AMD | C21: =B21&TkrSuffix -> AMD US Equity | D21: BZ
A22: 13 | B22: MU | C22: =B22&TkrSuffix -> MU US Equity | D22: CG
A23: 14 | B23: MSTR | C23: =B23&TkrSuffix -> MSTR US Equity | D23: CN
A24: 15 | B24: COIN | C24: =B24&TkrSuffix -> COIN US Equity | D24: CU
A25: 16 | B25: HOOD | C25: =B25&TkrSuffix -> HOOD US Equity | D25: DB
... A36: 27 | B36: XOM | C36: =B36&TkrSuffix -> XOM US Equity | D36: GA

Sheet Earnings_Data
A1: =Control!$B$10 -> AAPL | H1: =Control!$B$11 -> AMZN | O1: =Control!$B$12 -> GOOGL | V1: =Control!$B$13 -> META | AC1: =Control!$B$14 -> MSFT | AJ1: =Control!$B$15 -> NFLX | AQ1: =Control!$B$16 -> NVDA | AX1: =Control!$B$17 -> PLTR | BE1: =Control!$B$18 -> TSLA | BL1: =Control!$B$19 -> TSM | BS1: =Control!$B$20 -> AVGO | BZ1: =Control!$B$21 -> AMD | CG1: =Control!$B$22 -> MU | CN1: =Control!$B$23 -> MSTR | CU1: =Control!$B$24 -> COIN | DB1: =Control!$B$25 -> HOOD | DI1: =Control!$B$26 -> SHOP | DP1: =Control!$B$27 -> SMCI | DW1: =Control!$B$28 -> ORCL | ED1: =Control!$B$29 -> CRM | EK1: =Control!$B$30 -> ADBE | ER1: =Control!$B$31 -> NOW | EY1: =Control!$B$32 -> LLY | FF1: =Control!$B$33 -> UNH | FM1: =Control!$B$34 -> JPM | FT1: =Control!$B$35 -> COST | GA1: =Control!$B$36 -> XOM
A2: =Control!$C$10 -> AAPL US Equity | H2: =Control!$C$11 -> AMZN US Equity | O2: =Control!$C$12 -> GOOGL US Equity | V2: =Control!$C$13 -> META US Equity | AC2: =Control!$C$14 -> MSFT US Equity | AJ2: =Control!$C$15 -> NFLX US Equity | AQ2: =Control!$C$16 -> NVDA US Equity | AX2: =Control!$C$17 -> PLTR US Equity | BE2: =Control!$C$18 -> TSLA US Equity | BL2: =Control!$C$19 -> TSM US Equity | BS2: =Control!$C$20 -> AVGO US Equity | BZ2: =Control!$C$21 -> AMD US Equity | CG2: =Control!$C$22 -> MU US Equity | CN2: =Control!$C$23 -> MSTR US Equity | CU2: =Control!$C$24 -> COIN US Equity | DB2: =Control!$C$25 -> HOOD US Equity | DI2: =Control!$C$26 -> SHOP US Equity | DP2: =Control!$C$27 -> SMCI US Equity | DW2: =Control!$C$28 -> ORCL US Equity | ED2: =Control!$C$29 -> CRM US Equity | EK2: =Control!$C$30 -> ADBE US Equity | ER2: =Control!$C$31 -> NOW US Equity | EY2: =Control!$C$32 -> LLY US Equity | FF2: =Control!$C$33 -> UNH US Equity | FM2: =Control!$C$34 -> JPM US Equity | FT2: =Control!$C$35 -> COST US Equity | GA2: =Control!$C$36 -> XOM US Equity
A3: Year/Period | B3: Announcement Date | C3: Announcement Time | D3: Earnings EPS | E3: Comparable EPS | F3: Estimate EPS | H3: Year/Period | I3: Announcement Date | J3: Announcement Time | K3: Earnings EPS | L3: Comparable EPS | M3: Estimate EPS | O3: Year/Period | P3: Announcement Date | Q3: Announcement Time | R3: Earnings EPS | S3: Comparable EPS | T3: Estimate EPS | V3: Year/Period | W3: Announcement Date | X3: Announcement Time | Y3: Earnings EPS | Z3: Comparable EPS | AA3: Estimate EPS | AC3: Year/Period | AD3: Announcement Date | AE3: Announcement Time | AF3: Earnings EPS | AG3: Comparable EPS | AH3: Estimate EPS | AJ3: Year/Period | AK3: Announcement Date | AL3: Announcement Time | AM3: Earnings EPS | AN3: Comparable EPS | AO3: Estimate EPS | AQ3: Year/Period | AR3: Announcement Date | AS3: Announcement Time | AT3: Earnings EPS | AU3: Comparable EPS | AV3: Estimate EPS | AX3: Year/Period | AY3: Announcement Date | AZ3: Announcement Time | BA3: Earnings EPS | BB3: Comparable EPS | BC3: Estimate EPS | BE3: Year/Period | BF3: Announcement Date | BG3: Announcement Time | BH3: Earnings EPS | BI3: Comparable EPS | BJ3: Estimate EPS | BL3: Year/Period | BM3: Announcement Date | BN3: Announcement Time | BO3: Earnings EPS | BP3: Comparable EPS | BQ3: Estimate EPS | BS3: Year/Period | BT3: Announcement Date | BU3: Announcement Time | BV3: Earnings EPS | BW3: Comparable EPS | BX3: Estimate EPS | BZ3: Year/Period | CA3: Announcement Date | CB3: Announcement Time | CC3: Earnings EPS | CD3: Comparable EPS | CE3: Estimate EPS | CG3: Year/Period | CH3: Announcement Date | CI3: Announcement Time | CJ3: Earnings EPS | CK3: Comparable EPS | CL3: Estimate EPS | CN3: Year/Period | CO3: Announcement Date | CP3: Announcement Time | CQ3: Earnings EPS | CR3: Comparable EPS | CS3: Estimate EPS | CU3: Year/Period | CV3: Announcement Date | CW3: Announcement Time | CX3: Earnings EPS | CY3: Comparable EPS | CZ3: Estimate EPS | DB3: Year/Period | DC3: Announcement Date | DD3: Announcement Time | DE3: Earnings EPS | DF3: Comparable EPS | DG3: Estimate EPS | DI3: Year/Period | DJ3: Announcement Date | DK3: Announcement Time | DL3: Earnings EPS | DM3: Comparable EPS | DN3: Estimate EPS | DP3: Year/Period | DQ3: Announcement Date | DR3: Announcement Time | DS3: Earnings EPS | DT3: Comparable EPS | DU3: Estimate EPS | DW3: Year/Period | DX3: Announcement Date | DY3: Announcement Time | DZ3: Earnings EPS | EA3: Comparable EPS | EB3: Estimate EPS | ED3: Year/Period | EE3: Announcement Date | EF3: Announcement Time | EG3: Earnings EPS | EH3: Comparable EPS | EI3: Estimate EPS | EK3: Year/Period | EL3: Announcement Date | EM3: Announcement Time | EN3: Earnings EPS | EO3: Comparable EPS | EP3: Estimate EPS | ER3: Year/Period | ES3: Announcement Date | ET3: Announcement Time | EU3: Earnings EPS | EV3: Comparable EPS | EW3: Estimate EPS | EY3: Year/Period | EZ3: Announcement Date | FA3: Announcement Time | FB3: Earnings EPS | FC3: Comparable EPS | FD3: Estimate EPS | FF3: Year/Period | FG3: Announcement Date | FH3: Announcement Time | FI3: Earnings EPS | FJ3: Comparable EPS | FK3: Estimate EPS | FM3: Year/Period | FN3: Announcement Date | FO3: Announcement Time | FP3: Earnings EPS | FQ3: Comparable EPS | FR3: Estimate EPS | FT3: Year/Period | FU3: Announcement Date | FV3: Announcement Time | FW3: Earnings EPS | FX3: Comparable EPS | FY3: Estimate EPS | GA3: Year/Period | GB3: Announcement Date | GC3: Announcement Time | GD3: Earnings EPS | GE3: Comparable EPS | GF3: Estimate EPS
A4: =_xll.BDS(A$2,EarnField,"cols=6;rows=126") -> 2026:Q3 | B4: 46233 | C4: 0.6875 | D4: 2.02 | E4: 2.02 | F4: 1.886 | H4: =_xll.BDS(H$2,EarnField,"cols=6;rows=112") -> 2026:Q2 | I4: 46233 | J4: 0.66736111 | K4: 5.75 | L4: 5.75 | M4: 1.828 | O4: =_xll.BDS(O$2,EarnField,"cols=6;rows=88") -> 2026:Q2 | P4: 46225 | Q4: 0.66736111 | R4: 9.11 | S4: 9.11 | T4: 2.903 | V4: =_xll.BDS(V$2,EarnField,"cols=6;rows=60") -> 2026:Q2 | W4: 46232 | X4: 0.66736111 | Y4: 6.18 | Z4: 6.18 | AA4: 7.147 | AC4: =_xll.BDS(AC$2,EarnField,"cols=6;rows=141") -> 2026:Q4 | AD4: 46232 | AE4: 0.67291667 | AF4: 4.4322 | AG4: 4.74 | AH4: 4.25 | AJ4: =_xll.BDS(AJ$2,EarnField,"cols=6;rows=98") -> 2026:Q3 | AK4: 46315 | AL4: 0.66736111 | AM4: -2.4245363e-14 | AN4: -2.4245363e-14 | AO4: 0.819 | AQ4: =_xll.BDS(AQ$2,EarnField,"cols=6;rows=109") -> 2027:Q2 | AR4: 46260 | AS4: 0.68055556 | AT4: 2.2142 | AU4: 2.22 | AV4: 2.087 | AX4: =_xll.BDS(AX$2,EarnField,"cols=6;rows=24") -> 2026:Q2 | AY4: 46237 | AZ4: 0.67013889 | BA4: 0.3909 | BB4: 0.41 | BC4: 0.347 | BE4: =_xll.BDS(BE$2,EarnField,"cols=6;rows=65") -> 2026:Q2 | BF4: 46225 | BG4: 0.66944444 | BH4: 0.0513 | BI4: 0.33 | BJ4: 0.506 | BL4: =_xll.BDS(BL$2,EarnField,"cols=6;rows=111") -> 2026:Q2 | BM4: 46219 | BN4: 0.57291667 | BO4: 126.2501 | BP4: 136.25 | BQ4: 120.489 | BS4: =_xll.BDS(BS$2,EarnField,"cols=6;rows=101") -> 2026:Q3 | BT4: 46267 | BU4: 0.67708333 | BV4: 2.7103 | BW4: 3.32 | BX4: 3.23 | BZ4: =_xll.BDS(BZ$2,EarnField,"cols=6;rows=110") -> 2026:Q2 | CA4: 46238 | CB4: 0.67708333 | CC4: 1.2008 | CD4: 1.66 | CE4: 1.616 | CG4: =_xll.BDS(CG$2,EarnField,"cols=6;rows=127") -> 2026:Q3 | CH4: 46197 | CI4: 0.66736111 | CJ4: 24.971 | CK4: 25.11 | CL4: 20.492 | CN4: =_xll.BDS(CN$2,EarnField,"cols=6;rows=110") -> 2026:Q2 | CO4: 46233 | CP4: 0.66736111 | CQ4: -6.0736 | CR4: -2.4245363e-14 | CS4: 1.545 | CU4: =_xll.BDS(CU$2,EarnField,"cols=6;rows=22") -> 2026:Q2 | CV4: 46233 | CW4: 0.67777778 | CX4: 0.4053 | CY4: -0.3982 | CZ4: -0.05 | DB4: =_xll.BDS(DB$2,EarnField,"cols=6;rows=21") -> 2026:Q2 | DC4: 46232 | DD4: 0.67222222 | DE4: 0.5282 | DF4: 0.62 | DG4: 0.445 | DI4: =_xll.BDS(DI$2,EarnField,"cols=6;rows=51") -> 2026:Q2 | DJ4: 46239 | DK4: 0.29375 | DL4: 0.3332 | DM4: 0.42 | DN4: 0.406 | DP4: =_xll.BDS(DP$2,EarnField,"cols=6;rows=78") -> 2026:Q4 | DQ4: 46245 | DR4: 0.67013889 | DS4: 1.6378 | DT4: 1.7 | DU4: 1.592 | DW4: =_xll.BDS(DW$2,EarnField,"cols=6;rows=111") -> 2027:Q1 | DX4: 46275 | DY4: 0.67361111 | DZ4: 1.5838 | EA4: 1.92 | EB4: 1.746 | ED4: =_xll.BDS(ED$2,EarnField,"cols=6;rows=89") -> 2027:Q2 | EE4: 46260 | EF4: 0.66736111 | EG4: 1.9955 | EH4: 5.9 | EI4: 3.279 | EK4: =_xll.BDS(EK$2,EarnField,"cols=6;rows=111") -> 2026:Q3 | EL4: 46275 | EM4: 0.67013889 | EN4: 4.6124 | EO4: 6.13 | EP4: 6.078 | ER4: =_xll.BDS(ER$2,EarnField,"cols=6;rows=57") -> 2026:Q2 | ES4: 46225 | ET4: 0.67361111 | EU4: 0.1175 | EV4: 0.9 | EW4: 0.869 | EY4: =_xll.BDS(EY$2,EarnField,"cols=6;rows=124") -> 2026:Q2 | EZ4: 46239 | FA4: 0.28125 | FB4: 11.27 | FC4: 8.38 | FD4: 6.005 | FF4: =_xll.BDS(FF$2,EarnField,"cols=6;rows=111") -> 2026:Q3 | FG4: 46308 | FH4: Bef-mkt | FI4: -2.4245363e-14 | FJ4: -2.4245363e-14 | FK4: 4.133 | FM4: =_xll.BDS(FM$2,EarnField,"cols=6;rows=122") -> 2027:Q4 | FN4: 46766 | FO4: 0.28125 | FP4: -2.4245363e-14 | FQ4: -2.4245363e-14 | FR4: 6.367 | FT4: =_xll.BDS(FT$2,EarnField,"cols=6;rows=114") -> 2026:Q4 | FU4: 46289 | FV4: 0.67708333 | FW4: -2.4245363e-14 | FX4: -2.4245363e-14 | FY4: 6.525 | GA4: =_xll.BDS(GA$2,EarnField,"cols=6;rows=122") -> 2026:Q2 | GB4: 46234 | GC4: 0.27083333 | GD4: 4.1119 | GE4: 3.52 | GF4: 3.538
A5: 2026:Q2 | B5: 46142 | C5: 0.6875 | D5: 2.01 | E5: 2.01 | F5: 1.964 | H5: 2026:Q1 | I5: 46141 | J5: 0.66736111 | K5: 2.78 | L5: 2.78 | M5: 1.623 | O5: 2026:Q1 | P5: 46141 | Q5: 0.66805556 | R5: 5.11 | S5: 5.11 | T5: 2.624 | V5: 2026:Q1 | W5: 46141 | X5: 0.68263889 | Y5: 10.44 | Z5: 10.44 | AA5: 6.646 | AC5: 2026:Q3 | AD5: 46141 | AE5: 0.68055556 | AF5: 4.2712 | AG5: 4.27 | AH5: 4.037 | AJ5: 2026:Q2 | AK5: 46219 | AL5: 0.66736111 | AM5: 0.8 | AN5: 0.8 | AO5: 0.788 | AQ5: 2027:Q1 | AR5: 46162 | AS5: 0.68055556 | AT5: 1.8645 | AU5: 1.87 | AV5: 1.775 | AX5: 2026:Q1 | AY5: 46146 | AZ5: 0.67013889 | BA5: 0.34 | BB5: 0.33 | BC5: 0.278 | BE5: 2026:Q1 | BF5: 46134 | BG5: 0.67152778 | BH5: 0.1789 | BI5: 0.41 | BJ5: 0.341 | BL5: 2026:Q1 | BM5: 46128 | BN5: 0.56597222 | BO5: 111.1863 | BP5: 110.4 | BQ5: 104.424 | BS5: 2026:Q2 | BT5: 46176 | BU5: 0.67708333 | BV5: 1.9383 | BW5: 2.44 | BX5: 2.395 | BZ5: 2026:Q1 | CA5: 46147 | CB5: 0.67708333 | CC5: 0.8088 | CD5: 1.37 | CE5: 1.283 | CG5: 2026:Q2 | CH5: 46099 | CI5: 0.66736111 | CJ5: 12.0712 | CK5: 12.2 | CL5: 9.125 | CN5: 2026:Q1 | CO5: 46147 | CP5: 0.66736111 | CQ5: -4.0501 | CR5: -38.25 | CS5: -18.153 | CU5: 2026:Q1 | CV5: 46149 | CW5: 0.67569444 | CX5: 0.5157 | CY5: -0.17 | CZ5: 0.295 | DB5: 2026:Q1 | DC5: 46140 | DD5: 0.67013889 | DE5: 0.38 | DF5: 0.38 | DG5: 0.424 | DI5: 2026:Q1 | DJ5: 46147 | DK5: 0.29166667 | DL5: 0.2641 | DM5: 0.36 | DN5: 0.329 | DP5: 2026:Q3 | DQ5: 46147 | DR5: 0.67013889 | DS5: 0.72 | DT5: 0.84 | DU5: 0.629 | DW5: 2026:Q4 | DX5: 46183 | DY5: 0.67013889 | DZ5: 1.5696 | EA5: 2.11 | EB5: 1.974 | ED5: 2027:Q1 | EE5: 46169 | EF5: 0.66736111 | EG5: 1.9872 | EH5: 3.88 | EI5: 3.125 | EK5: 2026:Q2 | EL5: 46184 | EM5: 0.67013889 | EN5: 4.4664 | EO5: 5.96 | EP5: 5.831 | ER5: 2026:Q1 | ES5: 46134 | ET5: 0.67361111 | EU5: 0.4277 | EV5: 0.97 | EW5: 0.972 | EY5: 2026:Q1 | EZ5: 46142 | FA5: 0.28125 | FB5: 8.9567 | FC5: 8.55 | FD5: 6.836 | FF5: 2026:Q2 | FG5: 46219 | FH5: 0.24652778 | FI5: 6.0822 | FJ5: 6.38 | FK5: 4.894 | FM5: 2027:Q3 | FN5: 46672 | FO5: 0.28125 | FP5: -2.4245363e-14 | FQ5: -2.4245363e-14 | FR5: 6.247 | FT5: 2026:Q3 | FU5: 46170 | FV5: 0.67708333 | FW5: 4.93 | FX5: 4.93 | FY5: 4.982 | GA5: 2026:Q1 | GB5: 46143 | GC5: 0.27083333 | GD5: 0.8275 | GE5: 1.16 | GF5: 0.953
A6: 2026:Q1 | B6: 46051 | C6: 0.6875 | D6: 2.84 | E6: 2.84 | F6: 2.68 | H6: 2025:Q4 | I6: 46058 | J6: 0.66736111 | K6: 1.95 | L6: 1.95 | M6: 1.958 | O6: 2025:Q4 | P6: 46057 | Q6: 0.66736111 | R6: 2.82 | S6: 2.82 | T6: 2.645 | V6: 2025:Q4 | W6: 46050 | X6: 0.66736111 | Y6: 8.88 | Z6: 8.88 | AA6: 8.186 | AC6: 2026:Q2 | AD6: 46050 | AE6: 0.66666667 | AF6: 4.109 | AG6: 4.14 | AH6: 3.922 | AJ6: 2026:Q1 | AK6: 46128 | AL6: 0.66805556 | AM6: 1.23 | AN6: 1.23 | AO6: 0.779 | AQ6: 2026:Q4 | AR6: 46078 | AS6: 0.69166667 | AT6: 1.5565 | AU6: 1.62 | AV6: 1.532 | AX6: 2025:Q4 | AY6: 46055 | AZ6: 0.67013889 | BA6: 0.245 | BB6: 0.25 | BC6: 0.229 | BE6: 2025:Q4 | BF6: 46050 | BG6: 0.66944444 | BH6: 0.3437 | BI6: 0.5 | BJ6: 0.447 | BL6: 2025:A | BM6: 46037 | BN6: 0.56458333 | BO6: 332.5793 | BP6: 331.25 | BQ6: 323.661 | BS6: 2026:Q1 | BT6: 46085 | BU6: 0.67708333 | BV6: 1.5258 | BW6: 2.05 | BX6: 2.03 | BZ6: 2025:Q4 | CA6: 46056 | CB6: 0.67708333 | CC6: 0.8672 | CD6: 1.53 | CE6: 1.323 | CG6: 2026:Q1 | CH6: 46008 | CI6: 0.66736111 | CJ6: 4.6183 | CK6: 4.78 | CL6: 3.951 | CN6: 2025:Q4 | CO6: 46058 | CP6: 0.66666667 | CQ6: 3.9217 | CR6: -42.93 | CS6: -0.05 | CU6: 2025:Q4 | CV6: 46065 | CW6: 0.67291667 | CX6: 1.3933 | CY6: 0.66 | CZ6: 0.886 | DB6: 2025:Q4 | DC6: 46063 | DD6: 0.67013889 | DE6: 0.66 | DF6: 0.66 | DG6: 0.638 | DI6: 2025:Q4 | DJ6: 46064 | DK6: 0.29305556 | DL6: 0.2804 | DM6: 0.48 | DN6: 0.513 | DP6: 2026:Q2 | DQ6: 46056 | DR6: 0.70208333 | DS6: 0.6 | DT6: 0.69 | DU6: 0.485 | DW6: 2026:Q3 | DX6: 46091 | DY6: 0.67013889 | DZ6: 1.3239 | EA6: 1.79 | EB6: 1.698 | ED6: 2026:Q4 | EE6: 46078 | EF6: 0.66736111 | EG6: 3.0577 | EH6: 3.81 | EI6: 3.055 | EK6: 2026:Q1 | EL6: 46093 | EM6: 0.67013889 | EN6: 4.7405 | EO6: 6.06 | EP6: 5.881 | ER6: 2025:Q4 | ES6: 46050 | ET6: 0.67361111 | EU6: 0.4796 | EV6: 0.92 | EW6: 0.889 | EY6: 2025:Q4 | EZ6: 46057 | FA6: 0.28125 | FB6: 7.8951 | FC6: 7.54 | FD6: 6.733 | FF6: 2026:Q1 | FG6: 46133 | FH6: 0.24652778 | FI6: 6.9229 | FJ6: 7.23 | FK6: 6.571 | FM6: 2027:Q2 | FN6: 46581 | FO6: 0.28125 | FP6: -2.4245363e-14 | FQ6: -2.4245363e-14 | FR6: 6.212 | FT6: 2026:Q2 | FU6: 46086 | FV6: 0.67708333 | FW6: 4.579 | FX6: 4.58 | FY6: 4.549 | GA6: 2025:Q4 | GB6: 46052 | GC6: 0.27083333 | GD6: 1.7084 | GE6: 1.71 | GF6: 1.701
A7: 2025:Q4 | B7: 45960 | C7: 0.6875 | D7: 1.85 | E7: 1.85 | F7: 1.774 | H7: 2025:Q3 | I7: 45960 | J7: 0.66736111 | K7: 1.95 | L7: 1.95 | M7: 1.556 | O7: 2025:Q3 | P7: 45959 | Q7: 0.66805556 | R7: 2.87 | S7: 2.87 | T7: 2.268 | V7: 2025:Q3 | W7: 45959 | X7: 0.67013889 | Y7: 1.05 | Z7: 1.05 | AA7: 6.742 | AC7: 2026:Q1 | AD7: 45959 | AE7: 0.66805556 | AF7: 3.7805 | AG7: 4.13 | AH7: 3.676 | AJ7: 2025:Q4 | AK7: 46042 | AL7: 0.67222222 | AM7: 0.56 | AN7: 0.56 | AO7: 0.546 | AQ7: 2026:Q3 | AR7: 45980 | AS7: 0.68055556 | AT7: 1.319 | AU7: 1.3 | AV7: 1.259 | AX7: 2025:Q3 | AY7: 45964 | AZ7: 0.67013889 | BA7: 0.1817 | BB7: 0.21 | BC7: 0.168 | BE7: 2025:Q3 | BF7: 45952 | BG7: 0.66875 | BH7: 0.4257 | BI7: 0.5 | BJ7: 0.537 | BL7: 2025:Q3 | BM7: 45946 | BN7: 0.56388889 | BO7: 88.3511 | BP7: 87.2 | BQ7: 79 | BS7: 2025:Q4 | BT7: 46002 | BU7: 0.67708333 | BV7: 2.162 | BW7: 1.95 | BX7: 1.867 | BZ7: 2025:Q3 | CA7: 45965 | CB7: 0.67708333 | CC7: 0.7248 | CD7: 1.2 | CE7: 1.168 | CG7: 2025:Q4 | CH7: 45923 | CI7: 0.66736111 | CJ7: 2.884 | CK7: 3.03 | CL7: 2.842 | CN7: 2025:Q3 | CO7: 45960 | CP7: 0.68194444 | CQ7: -1.5073 | CR7: 8.8301 | CS7: 15.865 | CU7: 2025:Q3 | CV7: 45960 | CW7: 0.675 | CX7: 1.9516 | CY7: 1.44 | CZ7: 1.206 | DB7: 2025:Q3 | DC7: 45966 | DD7: 0.67013889 | DE7: 0.61 | DF7: 0.61 | DG7: 0.526 | DI7: 2025:Q3 | DJ7: 45965 | DK7: 0.29236111 | DL7: 0.2539 | DM7: 0.34 | DN7: 0.328 | DP7: 2026:Q1 | DQ7: 45965 | DR7: 0.67013889 | DS7: 0.2743 | DT7: 0.35 | DU7: 0.416 | DW7: 2026:Q2 | DX7: 46001 | DY7: 0.67013889 | DZ7: 2.1397 | EA7: 2.26 | EB7: 1.638 | ED7: 2026:Q3 | EE7: 45994 | EF7: 0.66736111 | EG7: 2.1609 | EH7: 3.25 | EI7: 2.86 | EK7: 2025:Q4 | EL7: 46001 | EM7: 0.67013889 | EN7: 4.429 | EO7: 5.5 | EP7: 5.39 | ER7: 2025:Q3 | ES7: 45959 | ET7: 0.67361111 | EU7: 0.5167 | EV7: 0.964 | EW7: 0.854 | EY7: 2025:Q3 | EZ7: 45960 | FA7: 0.28125 | FB7: 7.4826 | FC7: 7.02 | FD7: 5.711 | FF7: 2025:Q4 | FG7: 46049 | FH7: 0.25 | FI7: 2.1415 | FJ7: 2.11 | FK7: 2.102 | FM7: 2027:Q1 | FN7: 46490 | FO7: 0.28125 | FP7: -2.4245363e-14 | FQ7: -2.4245363e-14 | FR7: 6.176 | FT7: 2026:Q1 | FU7: 46002 | FV7: 0.67708333 | FW7: 4.5 | FX7: 4.5 | FY7: 4.278 | GA7: 2025:Q3 | GB7: 45961 | GC7: 0.27083333 | GD7: 1.641 | GE7: 1.88 | GF7: 1.813
A8: 2025:Q3 | B8: 45869 | C8: 0.6875 | D8: 1.57 | E8: 1.57 | F8: 1.433 | H8: 2025:Q2 | I8: 45869 | J8: 0.66736111 | K8: 1.68 | L8: 1.68 | M8: 1.32 | O8: 2025:Q2 | P8: 45861 | Q8: 0.67013889 | R8: 2.31 | S8: 2.31 | T8: 2.177 | V8: 2025:Q2 | W8: 45868 | X8: 0.67638889 | Y8: 7.14 | Z8: 7.14 | AA8: 5.887 | AC8: 2025:Q4 | AD8: 45868 | AE8: 0.66805556 | AF8: 3.6633 | AG8: 3.65 | AH8: 3.373 | AJ8: 2025:Q3 | AK8: 45951 | AL8: 0.66805556 | AM8: 0.587 | AN8: 0.587 | AO8: 0.695 | AQ8: 2026:Q2 | AR8: 45896 | AS8: 0.68055556 | AT8: 0.972 | AU8: 1.05 | AV8: 1.014 | AX8: 2025:Q2 | AY8: 45873 | AZ8: 0.67013889 | BA8: 0.1266 | BB8: 0.16 | BC8: 0.139 | BE8: 2025:Q2 | BF8: 45861 | BG8: 0.67361111 | BH8: 0.2669 | BI8: 0.4 | BJ8: 0.423 | BL8: 2025:Q2 | BM8: 45855 | BN8: 0.56805556 | BO8: 75.1121 | BP8: 76.8 | BQ8: 72.765 | BS8: 2025:Q3 | BT8: 45904 | BU8: 0.67708333 | BV8: 0.9153 | BW8: 1.69 | BX8: 1.666 | BZ8: 2025:Q2 | CA8: 45874 | CB8: 0.67708333 | CC8: 0.489 | CD8: 0.48 | CE8: 0.488 | CG8: 2025:Q3 | CH8: 45833 | CI8: 0.66736111 | CJ8: 1.7584 | CK8: 1.91 | CL8: 1.599 | CN8: 2025:Q2 | CO8: 45869 | CP8: 0.66736111 | CQ8: -4.0902 | CR8: 32.52 | CS8: -0.092 | CU8: 2025:Q2 | CV8: 45869 | CW8: 0.67013889 | CX8: 1.6746 | CY8: 0.12 | CZ8: 1.303 | DB8: 2025:Q2 | DC8: 45868 | DD8: 0.67013889 | DE8: 0.42 | DF8: 0.42 | DG8: 0.314 | DI8: 2025:Q2 | DJ8: 45875 | DK8: 0.29583333 | DL8: 0.2492 | DM8: 0.35 | DN8: 0.289 | DP8: 2025:Q4 | DQ8: 45874 | DR8: 0.67013889 | DS8: 0.31 | DT8: 0.41 | DU8: 0.441 | DW8: 2026:Q1 | DX8: 45909 | DY8: 0.67013889 | DZ8: 1.1087 | EA8: 1.47 | EB8: 1.48 | ED8: 2026:Q2 | EE8: 45903 | EF8: 0.66736111 | EG8: 1.9583 | EH8: 2.91 | EI8: 2.777 | EK8: 2025:Q3 | EL8: 45911 | EM8: 0.67013889 | EN8: 4.1349 | EO8: 5.31 | EP8: 5.179 | ER8: 2025:Q2 | ES8: 45861 | ET8: 0.67361111 | EU8: 0.4228 | EV8: 0.818 | EW8: 0.716 | EY8: 2025:Q2 | EZ8: 45876 | FA8: 0.28125 | FB8: 6.3372 | FC8: 6.31 | FD8: 5.566 | FF8: 2025:Q3 | FG8: 45958 | FH8: 0.24652778 | FI8: 2.6622 | FJ8: 2.92 | FK8: 2.826 | FM8: 2026:Q4 | FN8: 46401 | FO8: 0.28125 | FP8: -2.4245363e-14 | FQ8: -2.4245363e-14 | FR8: 5.92 | FT8: 2025:Q4 | FU8: 45925 | FV8: 0.67708333 | FW8: 5.6888 | FX8: 5.87 | FY8: 5.816 | GA8: 2025:Q2 | GB8: 45870 | GC8: 0.27083333 | GD8: 1.64 | GE8: 1.64 | GF8: 1.575
A9: 2025:Q2 | B9: 45778 | C9: 0.6875 | D9: 1.65 | E9: 1.65 | F9: 1.625 | H9: 2025:Q1 | I9: 45778 | J9: 0.66736111 | K9: 1.59 | L9: 1.59 | M9: 1.358 | O9: 2025:Q1 | P9: 45771 | Q9: 0.66736111 | R9: 2.81 | S9: 2.81 | T9: 2.007 | V9: 2025:Q1 | W9: 45777 | X9: 0.67013889 | Y9: 6.43 | Z9: 6.43 | AA9: 5.256 | AC9: 2025:Q3 | AD9: 45777 | AE9: 0.66666667 | AF9: 3.4489 | AG9: 3.46 | AH9: 3.214 | AJ9: 2025:Q2 | AK9: 45855 | AL9: 0.67013889 | AM9: 0.719 | AN9: 0.719 | AO9: 0.707 | AQ9: 2026:Q1 | AR9: 45805 | AS9: 0.68055556 | AT9: 0.7684 | AU9: 0.81 | AV9: 0.927 | AX9: 2025:Q1 | AY9: 45782 | AZ9: 0.67013889 | BA9: 0.0833 | BB9: 0.13 | BC9: 0.129 | BE9: 2025:Q1 | BF9: 45769 | BG9: 0.67013889 | BH9: 0.1686 | BI9: 0.27 | BJ9: 0.434 | BL9: 2025:Q1 | BM9: 45764 | BN9: 0.57152778 | BO9: 70.2373 | BP9: 69.7 | BQ9: 67.881 | BS9: 2025:Q2 | BT9: 45813 | BU9: 0.67708333 | BV9: 1.0787 | BW9: 1.58 | BX9: 1.56 | BZ9: 2025:Q1 | CA9: 45783 | CB9: 0.67708333 | CC9: 0.4617 | CD9: 0.96 | CE9: 0.943 | CG9: 2025:Q2 | CH9: 45736 | CI9: 0.66666667 | CJ9: 1.4242 | CK9: 1.56 | CL9: 1.403 | CN9: 2025:Q1 | CO9: 45778 | CP9: 0.66736111 | CQ9: 1.702 | CR9: -16.53 | CS9: -0.042 | CU9: 2025:Q1 | CV9: 45785 | CW9: 0.67569444 | CX9: 2.9222 | CY9: 1.94 | CZ9: 2.072 | DB9: 2025:Q1 | DC9: 45777 | DD9: 0.67013889 | DE9: 0.37 | DF9: 0.37 | DG9: 0.336 | DI9: 2025:Q1 | DJ9: 45785 | DK9: 0.29166667 | DL9: 0.1682 | DM9: 0.25 | DN9: 0.257 | DP9: 2025:Q3 | DQ9: 45783 | DR9: 0.67013889 | DS9: 0.2061 | DT9: 0.31 | DU9: 0.373 | DW9: 2025:Q4 | DX9: 45819 | DY9: 0.67013889 | DZ9: 1.2883 | EA9: 1.7 | EB9: 1.643 | ED9: 2026:Q1 | EE9: 45805 | EF9: 0.66805556 | EG9: 1.6702 | EH9: 2.58 | EI9: 2.549 | EK9: 2025:Q2 | EL9: 45820 | EM9: 0.67013889 | EN9: 3.936 | EO9: 5.06 | EP9: 4.975 | ER9: 2025:Q1 | ES9: 45770 | ET9: 0.67361111 | EU9: 0.4481 | EV9: 0.808 | EW9: 0.767 | EY9: 2025:Q1 | EZ9: 45778 | FA9: 0.28125 | FB9: 4.6028 | FC9: 3.34 | FD9: 3.102 | FF9: 2025:Q2 | FG9: 45867 | FH9: 0.24652778 | FI9: 3.7756 | FJ9: 4.08 | FK9: 4.589 | FM9: 2026:Q3 | FN9: 46308 | FO9: 0.29166667 | FP9: -2.4245363e-14 | FQ9: -2.4245363e-14 | FR9: 5.822 | FT9: 2025:Q3 | FU9: 45806 | FV9: 0.67708333 | FW9: 4.28 | FX9: 4.28 | FY9: -2.4245363e-14 | GA9: 2025:Q1 | GB9: 45779 | GC9: 0.27083333 | GD9: 1.76 | GE9: 1.76 | GF9: 1.763
A10: 2025:Q1 | B10: 45687 | C10: 0.6875 | D10: 2.4 | E10: 2.4 | F10: 2.35 | H10: 2024:Q4 | I10: 45694 | J10: 0.66736111 | K10: 1.86 | L10: 1.86 | M10: 1.474 | O10: 2024:Q4 | P10: 45692 | Q10: 0.66736111 | R10: 2.15 | S10: 2.15 | T10: 2.133 | V10: 2024:Q4 | W10: 45686 | X10: 0.69444444 | Y10: 8.02 | Z10: 8.02 | AA10: 6.783 | AC10: 2025:Q2 | AD10: 45686 | AE10: 0.66666667 | AF10: 3.2331 | AG10: 3.23 | AH10: 3.124 | AJ10: 2025:Q1 | AK10: 45764 | AL10: 0.66875 | AM10: 0.661 | AN10: 0.661 | AO10: 0.569 | AQ10: 2025:Q4 | AR10: 45714 | AS10: 0.68055556 | AT10: 0.8908 | AU10: 0.89 | AV10: 0.839 | AX10: 2024:Q4 | AY10: 45691 | AZ10: 0.67013889 | BA10: 0.0279 | BB10: 0.14 | BC10: 0.111 | BE10: 2024:Q4 | BF10: 45686 | BG10: 0.66875 | BH10: 0.5293 | BI10: 0.73 | BJ10: 0.752 | BL10: 2024:A | BM10: 45673 | BN10: 0.56458333 | BO10: 227.6366 | BP10: 226.25 | BQ10: 224.592 | BS10: 2025:Q1 | BT10: 45722 | BU10: 0.67708333 | BV10: 1.184 | BW10: 1.6 | BX10: 1.503 | BZ10: 2024:Q4 | CA10: 45692 | CB10: 0.67708333 | CC10: 0.4078 | CD10: 1.09 | CE10: 1.088 | CG10: 2025:Q1 | CH10: 45644 | CI10: 0.66736111 | CJ10: 1.6661 | CK10: 1.79 | CL10: 1.763 | CN10: 2024:Q4 | CO10: 45693 | CP10: 0.66875 | CQ10: 0.5564 | CR10: -3.2 | CS10: 0.04 | CU10: 2024:Q4 | CV10: 45701 | CW10: 0.67013889 | CX10: 4.1795 | CY10: 4.68 | CZ10: 2.211 | DB10: 2024:Q4 | DC10: 45700 | DD10: 0.67013889 | DE10: 0.9665 | DF10: 1.01 | DG10: 0.433 | DI10: 2024:Q4 | DJ10: 45699 | DK10: 0.29513889 | DL10: 0.3405 | DM10: 0.44 | DN10: 0.425 | DP10: 2025:Q2 | DQ10: 45713 | DR10: 0.70138889 | DS10: 0.51 | DT10: 0.51 | DU10: 0.618 | DW10: 2025:Q3 | DX10: 45726 | DY10: 0.67013889 | DZ10: 1.0423 | EA10: 1.47 | EB10: 1.49 | ED10: 2025:Q4 | EE10: 45714 | EF10: 0.66736111 | EG10: 1.8782 | EH10: 2.78 | EI10: 2.612 | EK10: 2025:Q1 | EL10: 45728 | EM10: 0.67013889 | EN10: 4.1296 | EO10: 5.08 | EP10: 4.972 | ER10: 2024:Q4 | ES10: 45686 | ET10: 0.67361111 | EU10: 0.3815 | EV10: 0.734 | EW10: 0.735 | EY10: 2024:Q4 | EZ10: 45694 | FA10: 0.28125 | FB10: 5.3638 | FC10: 5.32 | FD10: 5.035 | FF10: 2025:Q1 | FG10: 45764 | FH10: 0.24652778 | FI10: 6.8629 | FJ10: 7.2 | FK10: 7.274 | FM10: 2026:Q2 | FN10: 46217 | FO10: 0.27638889 | FP10: 7.7469 | FQ10: 6.14 | FR10: 5.729 | FT10: 2025:Q2 | FU10: 45722 | FV10: 0.67708333 | FW10: 4.02 | FX10: 4.02 | FY10: 4.113 | GA10: 2024:Q4 | GB10: 45688 | GC10: 0.27083333 | GD10: 1.6711 | GE10: 1.67 | GF10: 1.548
A11: 2024:Q4 | B11: 45596 | C11: 0.6875 | D11: 1.6422 | E11: 1.64 | F11: 1.516 | H11: 2024:Q3 | I11: 45596 | J11: 0.66736111 | K11: 1.43 | L11: 1.43 | M11: 1.143 | O11: 2024:Q3 | P11: 45594 | Q11: 0.66805556 | R11: 2.12 | S11: 2.12 | T11: 1.84 | V11: 2024:Q3 | W11: 45595 | X11: 0.67013889 | Y11: 6.03 | Z11: 6.03 | AA11: 5.251 | AC11: 2025:Q1 | AD11: 45595 | AE11: 0.66666667 | AF11: 3.3367 | AG11: 3.3 | AH11: 3.11 | AJ11: 2024:Q4 | AK11: 45678 | AL11: 0.66805556 | AM11: 0.427 | AN11: 0.427 | AO11: 0.417 | AQ11: 2025:Q3 | AR11: 45616 | AS11: 0.68055556 | AT11: 0.7824 | AU11: 0.81 | AV11: 0.745 | AX11: 2024:Q3 | AY11: 45600 | AZ11: 0.67013889 | BA11: 0.0619 | BB11: 0.1 | BC11: 0.09 | BE11: 2024:Q3 | BF11: 45588 | BG11: 0.66875 | BH11: 0.6541 | BI11: 0.72 | BJ11: 0.596 | BL11: 2024:Q3 | BM11: 45582 | BN11: 0.56597222 | BO11: 62.4804 | BP11: 62.7 | BQ11: 57.77 | BS11: 2024:Q4 | BT11: 45638 | BU11: 0.67708333 | BV11: 0.942 | BW11: 1.42 | BX11: 1.359 | BZ11: 2024:Q3 | CA11: 45594 | CB11: 0.67708333 | CC11: 0.4877 | CD11: 0.92 | CE11: 0.919 | CG11: 2024:Q4 | CH11: 45560 | CI11: 0.67152778 | CJ11: 0.8477 | CK11: 1.18 | CL11: 1.116 | CN11: 2024:Q3 | CO11: 45595 | CP11: 0.66736111 | CQ11: 0.0074 | CR11: -1.56 | CS11: -0.003 | CU11: 2024:Q3 | CV11: 45595 | CW11: 0.67083333 | CX11: 1.143 | CY11: 0.28 | CZ11: 0.423 | DB11: 2024:Q3 | DC11: 45595 | DD11: 0.67013889 | DE11: 0.1786 | DF11: 0.17 | DG11: 0.178 | DI11: 2024:Q3 | DJ11: 45608 | DK11: 0.29166667 | DL11: 0.2416 | DM11: 0.33 | DN11: 0.269 | DP11: 2025:Q1 | DQ11: 45601 | DR11: 0.67708333 | DS11: 0.067 | DT11: 0.073 | DU11: 0.752 | DW11: 2025:Q2 | DX11: 45635 | DY11: 0.67013889 | DZ11: 1.1226 | EA11: 1.47 | EB11: 1.48 | ED11: 2025:Q3 | EE11: 45629 | EF11: 0.66736111 | EG11: 1.7951 | EH11: 2.41 | EI11: 2.44 | EK11: 2024:Q4 | EL11: 45637 | EM11: 0.67013889 | EN11: 3.9098 | EO11: 4.81 | EP11: 4.669 | ER11: 2024:Q3 | ES11: 45588 | ET11: 0.67361111 | EU11: 0.4169 | EV11: 0.744 | EW11: 0.691 | EY11: 2024:Q3 | EZ11: 45595 | FA11: 0.28125 | FB11: 3.5184 | FC11: 1.18 | FD11: 1.527 | FF11: 2024:Q4 | FG11: 45673 | FH11: 0.24652778 | FI11: 6.4449 | FJ11: 6.81 | FK11: 6.709 | FM11: 2026:Q1 | FN11: 46126 | FO11: 0.27291667 | FP11: 6.035 | FQ11: 5.94 | FR11: 5.406 | FT11: 2025:Q1 | FU11: 45638 | FV11: 0.67708333 | FW11: 4.04 | FX11: 4.04 | FY11: 3.809 | GA11: 2024:Q3 | GB11: 45597 | GC11: 0.27083333 | GD11: 1.92 | GE11: 1.92 | GF11: 1.866
A12: 2024:Q3 | B12: 45505 | C12: 0.6875 | D12: 1.4 | E12: 1.4 | F12: 1.347 | H12: 2024:Q2 | I12: 45505 | J12: 0.66736111 | K12: 1.26 | L12: 1.26 | M12: 1.018 | O12: 2024:Q2 | P12: 45496 | Q12: 0.66805556 | R12: 1.89 | S12: 1.89 | T12: 1.844 | V12: 2024:Q2 | W12: 45504 | X12: 0.67013889 | Y12: 5.16 | Z12: 5.16 | AA12: 4.752 | AC12: 2024:Q4 | AD12: 45503 | AE12: 0.66666667 | AF12: 2.9558 | AG12: 2.95 | AH12: 2.939 | AJ12: 2024:Q3 | AK12: 45582 | AL12: 0.66666667 | AM12: 0.54 | AN12: 0.54 | AO12: 0.512 | AQ12: 2025:Q2 | AR12: 45532 | AS12: 0.68055556 | AT12: 0.6693 | AU12: 0.68 | AV12: 0.616 | AX12: 2024:Q2 | AY12: 45509 | AZ12: 0.67013889 | BA12: 0.0625 | BB12: 0.09 | BC12: 0.081 | BE12: 2024:Q2 | BF12: 45496 | BG12: 0.66875 | BH12: 0.5636 | BI12: 0.52 | BJ12: 0.615 | BL12: 2024:Q2 | BM12: 45491 | BN12: 0.56319444 | BO12: 48.1339 | BP12: 47.8 | BQ12: 45.552 | BS12: 2024:Q3 | BT12: 45540 | BU12: 0.67708333 | BV12: 0.7303 | BW12: 1.24 | BX12: 1.564 | BZ12: 2024:Q2 | CA12: 45503 | CB12: 0.67708333 | CC12: 0.1797 | CD12: 0.69 | CE12: 0.684 | CG12: 2024:Q3 | CH12: 45469 | CI12: 0.66944444 | CJ12: 0.449 | CK12: 0.62 | CL12: 0.501 | CN12: 2024:Q2 | CO12: 45505 | CP12: 0.66736111 | CQ12: 0.2223 | CR12: -0.762 | CS12: 0.018 | CU12: 2024:Q2 | CV12: 45505 | CW12: 0.67569444 | CX12: 1.8626 | CY12: 0.14 | CZ12: 0.867 | DB12: 2024:Q2 | DC12: 45511 | DD12: 0.67013889 | DE12: 0.21 | DF12: 0.21 | DG12: 0.148 | DI12: 2024:Q2 | DJ12: 45511 | DK12: 0.29305556 | DL12: 0.1458 | DM12: 0.26 | DN12: 0.202 | DP12: 2024:Q4 | DQ12: 45510 | DR12: 0.67916667 | DS12: 0.4633 | DT12: 0.625 | DU12: 0.812 | DW12: 2025:Q1 | DX12: 45544 | DY12: 0.67013889 | DZ12: 1.0482 | EA12: 1.39 | EB12: 1.334 | ED12: 2025:Q2 | EE12: 45532 | EF12: 0.66736111 | EG12: 1.5797 | EH12: 2.56 | EI12: 2.353 | EK12: 2024:Q3 | EL12: 45547 | EM12: 0.67013889 | EN12: 3.6438 | EO12: 4.65 | EP12: 4.535 | ER12: 2024:Q2 | ES12: 45497 | ET12: 0.67361111 | EU12: 0.2614 | EV12: 0.626 | EW12: 0.573 | EY12: 2024:Q2 | EZ12: 45512 | FA12: 0.28125 | FB12: 3.9275 | FC12: 3.92 | FD12: 2.619 | FF12: 2024:Q3 | FG12: 45580 | FH12: 0.24652778 | FI12: 6.8046 | FJ12: 7.15 | FK12: 6.987 | FM12: 2025:Q4 | FN12: 46035 | FO12: 0.27847222 | FP12: 4.6484 | FQ12: 5.23 | FR12: 5.005 | FT12: 2024:Q4 | FU12: 45561 | FV12: 0.67708333 | FW12: 5.3362 | FX12: 5.29 | FY12: 5.067 | GA12: 2024:Q2 | GB12: 45506 | GC12: 0.27083333 | GD12: 2.14 | GE12: 2.14 | GF12: 2.052
A13: 2024:Q2 | B13: 45414 | C13: 0.6875 | D13: 1.53 | E13: 1.53 | F13: 1.502 | H13: 2024:Q1 | I13: 45412 | J13: 0.66736111 | K13: 0.98 | L13: 0.98 | M13: 0.823 | O13: 2024:Q1 | P13: 45407 | Q13: 0.66805556 | R13: 1.89 | S13: 1.89 | T13: 1.523 | V13: 2024:Q1 | W13: 45406 | X13: 0.67013889 | Y13: 4.71 | Z13: 4.71 | AA13: 4.273 | AC13: 2024:Q3 | AD13: 45407 | AE13: 0.66666667 | AF13: 2.9384 | AG13: 2.94 | AH13: 2.831 | AJ13: 2024:Q2 | AK13: 45491 | AL13: 0.66805556 | AM13: 0.488 | AN13: 0.488 | AO13: 0.474 | AQ13: 2025:Q1 | AR13: 45434 | AS13: 0.68055556 | AT13: 0.5989 | AU13: 0.612 | AV13: 0.563 | AX13: 2024:Q1 | AY13: 45418 | AZ13: 0.67013889 | BA13: 0.0441 | BB13: 0.08 | BC13: 0.079 | BE13: 2024:Q1 | BF13: 45405 | BG13: 0.66875 | BH13: 0.3351 | BI13: 0.45 | BJ13: 0.531 | BL13: 2024:Q1 | BM13: 45400 | BN13: 0.56388889 | BO13: 43.9798 | BP13: 43.5 | BQ13: 40.318 | BS13: 2024:Q2 | BT13: 45455 | BU13: 0.67708333 | BV13: 0.5174 | BW13: 1.096 | BX13: 1.081 | BZ13: 2024:Q1 | CA13: 45412 | CB13: 0.67708333 | CC13: 0.0846 | CD13: 0.62 | CE13: 0.622 | CG13: 2024:Q2 | CH13: 45371 | CI13: 0.67083333 | CJ13: 0.2712 | CK13: 0.42 | CL13: -0.24 | CN13: 2024:Q1 | CO13: 45411 | CP13: 0.66736111 | CQ13: 0.5715 | CR13: -0.826 | CS13: 0.034 | CU13: 2024:Q1 | CV13: 45414 | CW13: 0.66875 | CX13: 2.9313 | CY13: 4.4 | CZ13: 1.072 | DB13: 2024:Q1 | DC13: 45420 | DD13: 0.67013889 | DE13: 0.18 | DF13: 0.18 | DG13: 0.064 | DI13: 2024:Q1 | DJ13: 45420 | DK13: 0.29166667 | DL13: 0.1012 | DM13: 0.2 | DN13: 0.172 | DP13: 2024:Q3 | DQ13: 45412 | DR13: 0.67013889 | DS13: 0.656 | DT13: 0.7365 | DU13: 0.558 | DW13: 2024:Q4 | DX13: 45454 | DY13: 0.67013889 | DZ13: 1.1603 | EA13: 1.63 | EB13: 1.645 | ED13: 2025:Q1 | EE13: 45441 | EF13: 0.66736111 | EG13: 1.5361 | EH13: 2.44 | EI13: 2.369 | EK13: 2024:Q2 | EL13: 45456 | EM13: 0.67013889 | EN13: 3.481 | EO13: 4.48 | EP13: 4.4 | ER13: 2024:Q1 | ES13: 45406 | ET13: 0.67361111 | EU13: 0.3583 | EV13: 0.682 | EW13: 0.631 | EY13: 2024:Q1 | EZ13: 45412 | FA13: 0.28125 | FB13: 2.5559 | FC13: 2.58 | FD13: 2.436 | FF13: 2024:Q2 | FG13: 45489 | FH13: 0.24652778 | FI13: 6.3309 | FJ13: 6.8 | FK13: 6.604 | FM13: 2025:Q3 | FN13: 45944 | FO13: 0.27152778 | FP13: 5.0797 | FQ13: 5.07 | FR13: 4.831 | FT13: 2024:Q3 | FU13: 45442 | FV13: 0.67708333 | FW13: 3.7178 | FX13: 3.78 | FY13: -2.4245363e-14 | GA13: 2024:Q1 | GB13: 45408 | GC13: 0.27083333 | GD13: 2.06 | GE13: 2.06 | GF13: 2.168
A14: 2024:Q1 | B14: 45323 | C14: 0.6875 | D14: 2.18 | E14: 2.18 | F14: 2.102 | H14: 2023:Q4 | I14: 45323 | J14: 0.66736111 | K14: 1 | L14: 1.0088 | M14: 0.791 | O14: 2023:Q4 | P14: 45321 | Q14: 0.66805556 | R14: 1.64 | S14: 1.64 | T14: 1.591 | V14: 2023:Q4 | W14: 45323 | X14: 0.67013889 | Y14: 5.33 | Z14: 5.33 | AA14: 4.924 | AC14: 2024:Q2 | AD14: 45321 | AE14: 0.66666667 | AF14: 2.9681 | AG14: 2.93 | AH14: 2.778 | AJ14: 2024:Q1 | AK14: 45400 | AL14: 0.66666667 | AM14: 0.528 | AN14: 0.528 | AO14: 0.451 | AQ14: 2024:Q4 | AR14: 45343 | AS14: 0.68055556 | AT14: 0.49 | AU14: 0.516 | AV14: 0.462 | AX14: 2023:Q4 | AY14: 45327 | AZ14: 0.67013889 | BA14: 0.0405 | BB14: 0.08 | BC14: 0.076 | BE14: 2023:Q4 | BF14: 45315 | BG14: 0.67152778 | BH14: 0.5727 | BI14: 0.71 | BJ14: 0.733 | BL14: 2023:A | BM14: 45309 | BN14: 0.56527778 | BO14: 160.7596 | BP14: 161.7 | BQ14: 158.772 | BS14: 2024:Q1 | BT14: 45358 | BU14: 0.67708333 | BV14: 0.4482 | BW14: 1.099 | BX14: 1.042 | BZ14: 2023:Q4 | CA14: 45321 | CB14: 0.67708333 | CC14: 0.4284 | CD14: 0.77 | CE14: 0.771 | CG14: 2024:Q1 | CH14: 45280 | CI14: 0.66944444 | CJ14: -1.0834 | CK14: -0.95 | CL14: -0.994 | CN14: 2023:Q4 | CO14: 45328 | CP14: 0.66736111 | CQ14: 0.6647 | CR14: 0.562 | CS14: 0.064 | CU14: 2023:Q4 | CV14: 45337 | CW14: 0.67638889 | CX14: 1.6105 | CY14: 1.04 | CZ14: 0.004 | DB14: 2023:Q4 | DC14: 45335 | DD14: 0.66944444 | DE14: 0.03 | DF14: 0.03 | DG14: -0.009 | DI14: 2023:Q4 | DJ14: 45335 | DK14: 0.29166667 | DL14: 0.2482 | DM14: 0.34 | DN14: 0.301 | DP14: 2024:Q2 | DQ14: 45320 | DR14: 0.67013889 | DS14: 0.51 | DT14: 0.559 | DU14: 0.507 | DW14: 2024:Q3 | DX14: 45362 | DY14: 0.67013889 | DZ14: 0.9173 | EA14: 1.41 | EB14: 1.378 | ED14: 2024:Q4 | EE14: 45350 | EF14: 0.66736111 | EG14: 1.6073 | EH14: 2.29 | EI14: 2.266 | EK14: 2024:Q1 | EL14: 45365 | EM14: 0.67013889 | EN14: 3.3452 | EO14: 4.48 | EP14: 4.376 | ER14: 2023:Q4 | ES14: 45315 | ET14: 0.67361111 | EU14: 0.2966 | EV14: 0.622 | EW14: 0.557 | EY14: 2023:Q4 | EZ14: 45328 | FA14: 0.28125 | FB14: 3.1255 | FC14: 2.49 | FD14: 2.235 | FF14: 2024:Q1 | FG14: 45398 | FH14: 0.24652778 | FI14: 6.6457 | FJ14: 6.91 | FK14: 6.589 | FM14: 2025:Q2 | FN14: 45853 | FO14: 0.27152778 | FP14: 5.0153 | FQ14: 4.96 | FR14: 4.474 | FT14: 2024:Q2 | FU14: 45358 | FV14: 0.67708333 | FW14: 3.92 | FX14: 3.92 | FY14: 3.617 | GA14: 2023:Q4 | GB14: 45324 | GC14: 0.27083333 | GD14: 2.4845 | GE14: 2.48 | GF14: 2.199
A15: 2023:Q4 | B15: 45232 | C15: 0.6875 | D15: 1.46 | E15: 1.46 | F15: 1.395 | H15: 2023:Q3 | I15: 45225 | J15: 0.66736111 | K15: 0.94 | L15: 0.8266 | M15: 0.574 | O15: 2023:Q3 | P15: 45223 | Q15: 0.66736111 | R15: 1.55 | S15: 1.55 | T15: 1.444 | V15: 2023:Q3 | W15: 45224 | X15: 0.67777778 | Y15: 4.39 | Z15: 4.39 | AA15: 3.574 | AC15: 2024:Q1 | AD15: 45223 | AE15: 0.66944444 | AF15: 2.9753 | AG15: 2.99 | AH15: 2.654 | AJ15: 2023:Q4 | AK15: 45314 | AL15: 0.66666667 | AM15: 0.211 | AN15: 0.211 | AO15: 0.219 | AQ15: 2024:Q3 | AR15: 45251 | AS15: 0.68055556 | AT15: 0.3769 | AU15: 0.402 | AV15: 0.336 | AX15: 2023:Q3 | AY15: 45232 | AZ15: 0.29166667 | BA15: 0.0302 | BB15: 0.07 | BC15: 0.057 | BE15: 2023:Q3 | BF15: 45217 | BG15: 0.66736111 | BH15: 0.53 | BI15: 0.66 | BJ15: 0.742 | BL15: 2023:Q3 | BM15: 45218 | BN15: 0.56388889 | BO15: 40.5319 | BP15: 40.7 | BQ15: 36.986 | BS15: 2023:Q4 | BT15: 45267 | BU15: 0.67708333 | BV15: 0.8459 | BW15: 1.106 | BX15: 1.093 | BZ15: 2023:Q3 | CA15: 45230 | CB15: 0.67708333 | CC15: 0.1938 | CD15: 0.7 | CE15: 0.676 | CG15: 2023:Q4 | CH15: 45196 | CI15: 0.66736111 | CJ15: -1.1923 | CK15: -1.07 | CL15: -1.174 | CN15: 2023:Q3 | CO15: 45231 | CP15: 0.66736111 | CQ15: -0.8226 | CR15: -0.898 | CS15: 0.069 | CU15: 2023:Q3 | CV15: 45232 | CW15: 0.67569444 | CX15: -0.1581 | CY15: -0.01 | CZ15: -0.571 | DB15: 2023:Q3 | DC15: 45237 | DD15: 0.67013889 | DE15: 0.0074 | DF15: -0.09 | DG15: -0.101 | DI15: 2023:Q3 | DJ15: 45232 | DK15: 0.29166667 | DL15: 0.1571 | DM15: 0.24 | DN15: 0.146 | DP15: 2024:Q1 | DQ15: 45231 | DR15: 0.67569444 | DS15: 0.275 | DT15: 0.343 | DU15: 0.322 | DW15: 2024:Q2 | DX15: 45271 | DY15: 0.67013889 | DZ15: 0.9204 | EA15: 1.34 | EB15: 1.325 | ED15: 2024:Q3 | EE15: 45259 | EF15: 0.66805556 | EG15: 1.3469 | EH15: 2.11 | EI15: 2.062 | EK15: 2023:Q4 | EL15: 45273 | EM15: 0.67013889 | EN15: 3.3536 | EO15: 4.27 | EP15: 4.136 | ER15: 2023:Q3 | ES15: 45224 | ET15: 0.67361111 | EU15: 0.2431 | EV15: 0.584 | EW15: 0.511 | EY15: 2023:Q3 | EZ15: 45232 | FA15: 0.27083333 | FB15: 2.6063 | FC15: 0.1 | FD15: -0.162 | FF15: 2023:Q4 | FG15: 45303 | FH15: 0.24652778 | FI15: 5.83 | FJ15: 6.16 | FK15: 5.97 | FM15: 2025:Q1 | FN15: 45758 | FO15: 0.28194444 | FP15: 5.1094 | FQ15: 5.07 | FR15: 4.613 | FT15: 2024:Q1 | FU15: 45274 | FV15: 0.67708333 | FW15: 3.58 | FX15: 3.58 | FY15: 3.418 | GA15: 2023:Q3 | GB15: 45226 | GC15: 0.27083333 | GD15: 2.2617 | GE15: 2.27 | GF15: 2.36
A16: 2023:Q3 | B16: 45141 | C16: 0.6875 | D16: 1.26 | E16: 1.26 | F16: 1.219 | H16: 2023:Q2 | I16: 45141 | J16: 0.66736111 | K16: 0.65 | L16: 0.6309 | M16: 0.34 | O16: 2023:Q2 | P16: 45132 | Q16: 0.66736111 | R16: 1.44 | S16: 1.44 | T16: 1.324 | V16: 2023:Q2 | W16: 45133 | X16: 0.67013889 | Y16: 2.98 | Z16: 2.98 | AA16: 2.887 | AC16: 2023:Q4 | AD16: 45132 | AE16: 0.66666667 | AF16: 2.6734 | AG16: 2.69 | AH16: 2.567 | AJ16: 2023:Q3 | AK16: 45217 | AL16: 0.66805556 | AM16: 0.373 | AN16: 0.373 | AO16: 0.348 | AQ16: 2024:Q2 | AR16: 45161 | AS16: 0.68055556 | AT16: 0.2498 | AU16: 0.27 | AV16: 0.205 | AX16: 2023:Q2 | AY16: 45145 | AZ16: 0.67013889 | BA16: 0.0109 | BB16: 0.05 | BC16: 0.05 | BE16: 2023:Q2 | BF16: 45126 | BG16: 0.67013889 | BH16: 0.78 | BI16: 0.91 | BJ16: 0.809 | BL16: 2023:Q2 | BM16: 45127 | BN16: 0.5625 | BO16: 34.8219 | BP16: 35.05 | BQ16: 33.466 | BS16: 2023:Q3 | BT16: 45169 | BU16: 0.67708333 | BV16: 0.8209 | BW16: 1.054 | BX16: 1.043 | BZ16: 2023:Q2 | CA16: 45139 | CB16: 0.67708333 | CC16: 0.0392 | CD16: 0.58 | CE16: 0.578 | CG16: 2023:Q3 | CH16: 45105 | CI16: 0.66944444 | CJ16: -1.5616 | CK16: -1.43 | CL16: -1.42 | CN16: 2023:Q2 | CO16: 45139 | CP16: 0.66736111 | CQ16: 0.2705 | CR16: 0.235 | CS16: 0.046 | CU16: 2023:Q2 | CV16: 45141 | CW16: 0.67013889 | CX16: -0.1383 | CY16: -0.42 | CZ16: -0.764 | DB16: 2023:Q2 | DC16: 45140 | DD16: 0.66875 | DE16: 0.03 | DF16: 0.03 | DG16: -0.018 | DI16: 2023:Q2 | DJ16: 45140 | DK16: 0.67361111 | DL16: -0.0888 | DM16: 0.14 | DN16: 0.051 | DP16: 2023:Q4 | DQ16: 45146 | DR16: 0.67013889 | DS16: 0.343 | DT16: 0.351 | DU16: 0.284 | DW16: 2024:Q1 | DX16: 45180 | DY16: 0.67013889 | DZ16: 0.8881 | EA16: 1.19 | EB16: 1.152 | ED16: 2024:Q2 | EE16: 45168 | EF16: 0.67013889 | EG16: 1.3939 | EH16: 2.12 | EI16: 1.889 | EK16: 2023:Q3 | EL16: 45183 | EM16: 0.67013889 | EN16: 3.0887 | EO16: 4.09 | EP16: 3.978 | ER16: 2023:Q2 | ES16: 45133 | ET16: 0.67361111 | EU16: 0.1361 | EV16: 0.474 | EW16: 0.411 | EY16: 2023:Q2 | EZ16: 45146 | FA16: 0.28125 | FB16: 2.0817 | FC16: 2.11 | FD16: 1.994 | FF16: 2023:Q3 | FG16: 45212 | FH16: 0.24652778 | FI16: 6.24 | FJ16: 6.56 | FK16: 6.334 | FM16: 2024:Q4 | FN16: 45672 | FO16: 0.28194444 | FP16: 4.8848 | FQ16: 4.81 | FR16: 4.1 | FT16: 2023:Q4 | FU16: 45195 | FV16: 0.67708333 | FW16: 4.86 | FX16: 4.86 | FY16: 4.77 | GA16: 2023:Q2 | GB16: 45135 | GC16: 0.27083333 | GD16: 1.9395 | GE16: 1.94 | GF16: 2.001
... A20: 2022:Q3 | B20: 44770 | C20: 0.6875 | D20: 1.2 | E20: 1.2 | F20: 1.162 | H20: 2022:Q2 | I20: 44770 | J20: 0.66736111 | K20: -0.2 | L20: 0.1035 | M20: 0.148 | O20: 2022:Q2 | P20: 44768 | Q20: 0.67013889 | R20: 1.21 | S20: 1.21 | T20: 1.341 | V20: 2022:Q2 | W20: 44769 | X20: 0.67013889 | Y20: 2.46 | Z20: 2.46 | AA20: 2.541 | AC20: 2022:Q4 | AD20: 44768 | AE20: 0.66666667 | AF20: 2.2563 | AG20: 2.23 | AH20: 2.294 | AJ20: 2022:Q3 | AK20: 44852 | AL20: 0.66666667 | AM20: 0.31 | AN20: 0.31 | AO20: 0.212 | AQ20: 2023:Q2 | AR20: 44797 | AS20: 0.68055556 | AT20: 0.03 | AU20: 0.051 | AV20: 0.05 | AX20: 2022:Q2 | AY20: 44781 | AZ20: 0.29166667 | BA20: -0.09 | BB20: -0.01 | BC20: 0.029 | BE20: 2022:Q2 | BF20: 44762 | BG20: 0.67152778 | BH20: 0.6824 | BI20: 0.7567 | BJ20: 0.611 | BL20: 2022:Q2 | BM20: 44756 | BN20: 0.56527778 | BO20: 46.8081 | BP20: 45.7 | BQ20: 42.482 | BS20: 2022:Q3 | BT20: 44805 | BU20: 0.67708333 | BV20: 0.7242 | BW20: 0.973 | BX20: 0.949 | BZ20: 2022:Q2 | CA20: 44775 | CB20: 0.67013889 | CC20: 0.3643 | CD20: 1.05 | CE20: 1.04 | CG20: 2022:Q3 | CH20: 44742 | CI20: 0.66736111 | CJ20: 2.5037 | CK20: 2.59 | CL20: 2.448 | CN20: 2022:Q2 | CO20: 44775 | CP20: 0.66736111 | CQ20: -2.9843 | CR20: -9.281 | CS20: -2.4245363e-14 | CU20: 2022:Q2 | CV20: 44782 | CW20: 0.67916667 | CX20: -2.5694 | CY20: -4.98 | CZ20: -2.4 | DB20: 2022:Q2 | DC20: 44775 | DD20: 0.67708333 | DE20: -0.3156 | DF20: -0.34 | DG20: -0.364 | DI20: 2022:Q2 | DJ20: 44769 | DK20: 0.29166667 | DL20: -0.1481 | DM20: -0.03 | DN20: 0.024 | DP20: 2022:Q4 | DQ20: 44782 | DR20: 0.67013889 | DS20: 0.2602 | DT20: 0.262 | DU20: 0.233 | DW20: 2023:Q1 | DX20: 44816 | DY20: 0.67013889 | DZ20: 0.6065 | EA20: 1.03 | EB20: 1.062 | ED20: 2023:Q2 | EE20: 44797 | EF20: 0.67013889 | EG20: 0.0325 | EH20: 1.19 | EI20: 1.028 | EK20: 2022:Q3 | EL20: 44819 | EM20: 0.33333333 | EN20: 2.4424 | EO20: 3.4 | EP20: 3.334 | ER20: 2022:Q2 | ES20: 44769 | ET20: 0.67361111 | EU20: 0.024 | EV20: 0.324 | EW20: 0.312 | EY20: 2022:Q2 | EZ20: 44777 | FA20: 0.26736111 | FB20: 1.5278 | FC20: 1.25 | FD20: 1.637 | FF20: 2022:Q3 | FG20: 44848 | FH20: 0.24652778 | FI20: 5.55 | FJ20: 5.79 | FK20: 5.417 | FM20: 2023:Q4 | FN20: 45303 | FO20: 0.29097222 | FP20: 3.115 | FQ20: 3.97 | FR20: 3.618 | FT20: 2022:Q4 | FU20: 44826 | FV20: 0.67708333 | FW20: 4.2 | FX20: 4.2 | FY20: 4.144 | GA20: 2022:Q2 | GB20: 44771 | GC20: 0.27083333 | GD20: 4.1394 | GE20: 4.14 | GF20: 3.975
A21: 2022:Q2 | B21: 44679 | C21: 0.6875 | D21: 1.52 | E21: 1.52 | F21: 1.423 | H21: 2022:Q1 | I21: 44679 | J21: 0.66736111 | K21: -0.378 | L21: 0.2122 | M21: 0.423 | O21: 2022:Q1 | P21: 44677 | Q21: 0.66736111 | R21: 1.231 | S21: 1.231 | T21: 1.274 | V21: 2022:Q1 | W21: 44678 | X21: 0.67013889 | Y21: 2.72 | Z21: 2.72 | AA21: 2.564 | AC21: 2022:Q3 | AD21: 44677 | AE21: 0.66944444 | AF21: 2.2269 | AG21: 2.22 | AH21: 2.189 | AJ21: 2022:Q2 | AK21: 44761 | AL21: 0.66666667 | AM21: 0.32 | AN21: 0.32 | AO21: 0.292 | AQ21: 2023:Q1 | AR21: 44706 | AS21: 0.68055556 | AT21: 0.1111 | AU21: 0.1357 | AV21: 0.131 | AX21: 2022:Q1 | AY21: 44690 | AZ21: 0.29166667 | BA21: -0.05 | BB21: 0.02 | BC21: 0.034 | BE21: 2022:Q1 | BF21: 44671 | BG21: 0.67291667 | BH21: 0.9533 | BI21: 1.0733 | BJ21: 0.757 | BL21: 2022:Q1 | BM21: 44665 | BO21: 39.295 | BP21: 39.1 | BQ21: 36.059 | BS21: 2022:Q2 | BT21: 44707 | BU21: 0.29236111 | BV21: 0.6432 | BW21: 0.907 | BX21: 0.873 | BZ21: 2022:Q1 | CA21: 44684 | CB21: 0.67361111 | CC21: 0.6837 | CD21: 1.13 | CE21: 0.903 | CG21: 2022:Q2 | CH21: 44649 | CI21: 0.67083333 | CJ21: 2.0714 | CK21: 2.14 | CL21: 1.993 | CN21: 2022:Q1 | CO21: 44684 | CP21: 0.66736111 | CQ21: 0.3194 | CR21: -1.0307 | CS21: 0.15 | CU21: 2022:Q1 | CV21: 44691 | CW21: 0.67361111 | CX21: -0.1939 | CY21: -1.98 | CZ21: 0.201 | DB21: 2022:Q1 | DC21: 44679 | DD21: 0.66736111 | DE21: -0.4426 | DF21: -0.45 | DG21: -0.412 | DI21: 2022:Q1 | DJ21: 44686 | DK21: 0.29236111 | DL21: -0.0718 | DM21: 0.02 | DN21: 0.064 | DP21: 2022:Q3 | DQ21: 44684 | DR21: 0.67013889 | DS21: 0.1486 | DT21: 0.155 | DU21: 0.112 | DW21: 2022:Q4 | DX21: 44725 | DY21: 0.67013889 | DZ21: 1.1972 | EA21: 1.54 | EB21: 1.377 | ED21: 2023:Q1 | EE21: 44712 | EF21: 0.67013889 | EG21: 0.0227 | EH21: 0.98 | EI21: 0.952 | EK21: 2022:Q2 | EL21: 44728 | EM21: 0.67013889 | EN21: 2.5052 | EO21: 3.35 | EP21: 3.309 | ER21: 2022:Q1 | ES21: 44678 | ET21: 0.67361111 | EU21: 0.0779 | EV21: 0.346 | EW21: 0.341 | EY21: 2022:Q1 | EZ21: 44679 | FA21: 0.26736111 | FB21: 2.5838 | FC21: 2.77 | FD21: 2.36 | FF21: 2022:Q2 | FG21: 44757 | FH21: 0.24652778 | FI21: 5.34 | FJ21: 5.57 | FK21: 5.189 | FM21: 2023:Q3 | FN21: 45212 | FO21: 0.28333333 | FP21: 4.4927 | FQ21: 4.33 | FR21: 3.946 | FT21: 2022:Q3 | FU21: 44707 | FV21: 0.67708333 | FW21: 3.17 | FX21: 3.04 | FY21: 3.022 | GA21: 2022:Q1 | GB21: 44680 | GC21: 0.27083333 | GD21: 2.066 | GE21: 2.07 | GF21: 2.243
A22: 2022:Q1 | B22: 44588 | C22: 0.6875 | D22: 2.1 | E22: 2.1 | F22: 1.9 | H22: 2021:Q4 | I22: 44595 | J22: 0.66736111 | K22: 1.3875 | L22: 0.4846 | M22: 0.188 | O22: 2021:Q4 | P22: 44593 | Q22: 0.66944444 | R22: 1.5345 | S22: 2.0075 | T22: 1.373 | V22: 2021:Q4 | W22: 44594 | X22: 0.67013889 | Y22: 3.67 | Z22: 3.67 | AA22: 3.836 | AC22: 2022:Q2 | AD22: 44586 | AE22: 0.66736111 | AF22: 2.4486 | AG22: 2.48 | AH22: 2.316 | AJ22: 2022:Q1 | AK22: 44670 | AL22: 0.66666667 | AM22: 0.353 | AN22: 0.353 | AO22: 0.292 | AQ22: 2022:Q4 | AR22: 44608 | AS22: 0.68055556 | AT22: 0.1221 | AU22: 0.132 | AV22: 0.121 | AX22: 2021:Q4 | AY22: 44609 | AZ22: 0.25 | BA22: -0.0541 | BB22: 0.0855 | BC22: 0.034 | BE22: 2021:Q4 | BF22: 44587 | BG22: 0.66944444 | BH22: 0.6833 | BI22: 0.8467 | BJ22: 0.788 | BL22: 2021:A | BM22: 44574 | BN22: 0.57013889 | BO22: 116.2801 | BP22: 115.05 | BQ22: 114.164 | BS22: 2022:Q1 | BT22: 44623 | BU22: 0.67708333 | BV22: 0.5685 | BW22: 0.839 | BX22: 0.813 | BZ22: 2021:Q4 | CA22: 44593 | CB22: 0.67708333 | CC22: 0.8026 | CD22: 0.92 | CE22: 0.751 | CG22: 2022:Q1 | CH22: 44550 | CI22: 0.66805556 | CJ22: 2.0986 | CK22: 2.16 | CL22: 2.116 | CN22: 2021:Q4 | CO22: 44593 | CP22: 0.66736111 | CQ22: 0.2414 | CR22: 0.2418 | CS22: 0.153 | CU22: 2021:Q4 | CV22: 44616 | CW22: 0.66666667 | CX22: 4.998 | CY22: 3.32 | CZ22: 2.342 | DB22: 2021:Q4 | DC22: 44588 | DD22: 0.66736111 | DE22: -1.8265 | DF22: -0.49 | DG22: -0.423 | DI22: 2021:Q4 | DJ22: 44608 | DK22: 0.29166667 | DL22: 0.0574 | DM22: 0.136 | DN22: 0.126 | DP22: 2022:Q2 | DQ22: 44593 | DR22: 0.68194444 | DS22: 0.078 | DT22: 0.088 | DU22: 0.077 | DW22: 2022:Q3 | DX22: 44630 | DY22: 0.67013889 | DZ22: 0.8512 | EA22: 1.13 | EB22: 1.178 | ED22: 2022:Q4 | EE22: 44621 | EF22: 0.67013889 | EG22: -0.0572 | EH22: 0.84 | EI22: 0.745 | EK22: 2022:Q1 | EL22: 44642 | EM22: 0.67013889 | EN22: 2.7467 | EO22: 3.37 | EP22: 3.343 | ER22: 2021:Q4 | ES22: 44587 | ET22: 0.67361111 | EU22: 0.0308 | EV22: 0.292 | EW22: 0.287 | EY22: 2021:Q4 | EZ22: 44595 | FA22: 0.26736111 | FB22: 2.2405 | FC22: 2.49 | FD22: 2.483 | FF22: 2022:Q1 | FG22: 44665 | FH22: 0.24652778 | FI22: 5.27 | FJ22: 5.49 | FK22: 5.352 | FM22: 2023:Q2 | FN22: 45121 | FO22: 0.28402778 | FP22: 4.8529 | FQ22: 4.37 | FR22: 3.829 | FT22: 2022:Q2 | FU22: 44623 | FV22: 0.67708333 | FW22: 2.92 | FX22: 2.92 | FY22: 2.754 | GA22: 2021:Q4 | GB22: 44593 | GC22: 0.31319444 | GD22: 1.9988 | GE22: 2.05 | GF22: 1.929
A23: 2021:Q4 | B23: 44497 | C23: 0.6875 | D23: 1.24 | E23: 1.2354 | F23: 1.236 | H23: 2021:Q3 | I23: 44497 | J23: 0.66736111 | K23: 0.306 | L23: 0.306 | M23: 0.448 | O23: 2021:Q3 | P23: 44495 | Q23: 0.66805556 | R23: 1.3995 | S23: 1.3045 | T23: 1.175 | V23: 2021:Q3 | W23: 44494 | X23: 0.67013889 | Y23: 3.22 | Z23: 3.22 | AA23: 3.174 | AC23: 2022:Q1 | AD23: 44495 | AE23: 0.66736111 | AF23: 2.2522 | AG23: 2.27 | AH23: 2.072 | AJ23: 2021:Q4 | AK23: 44581 | AL23: 0.66666667 | AM23: 0.133 | AN23: 0.133 | AO23: 0.081 | AQ23: 2022:Q3 | AR23: 44517 | AS23: 0.68055556 | AT23: 0.1033 | AU23: 0.117 | AV23: 0.11 | AX23: 2021:Q3 | AY23: 44509 | AZ23: 0.29166667 | BA23: -0.039 | BB23: 0.04 | BC23: 0.037 | BE23: 2021:Q3 | BF23: 44489 | BG23: 0.67222222 | BH23: 0.492 | BI23: 0.62 | BJ23: 0.557 | BL23: 2021:Q3 | BM23: 44483 | BO23: 30.5232 | BP23: 30.15 | BQ23: 28.942 | BS23: 2021:Q4 | BT23: 44539 | BU23: 0.67708333 | BV23: 0.4551 | BW23: 0.781 | BX23: 0.777 | BZ23: 2021:Q3 | CA23: 44495 | CB23: 0.67708333 | CC23: 0.7763 | CD23: 0.73 | CE23: 0.667 | CG23: 2021:Q4 | CH23: 44467 | CI23: 0.66736111 | CJ23: 2.3709 | CK23: 2.42 | CL23: 2.348 | CN23: 2021:Q3 | CO23: 44497 | CP23: 0.66736111 | CQ23: 0.0874 | CR23: -0.2397 | CS23: 0.122 | CU23: 2021:Q3 | CV23: 44509 | CW23: 0.66666667 | CX23: 2.2891 | CY23: 1.696 | CZ23: 1.705 | DB23: 2021:Q3 | DC23: 44495 | DD23: 0.66875 | DE23: -2.0946 | DF23: -2.0632 | DG23: -0.853 | DI23: 2021:Q3 | DJ23: 44497 | DK23: 0.29166667 | DL23: 0.0025 | DM23: -2.4245363e-14 | DN23: 0.114 | DP23: 2022:Q1 | DQ23: 44502 | DR23: 0.67013889 | DS23: 0.0503 | DT23: 0.058 | DU23: 0.038 | DW23: 2022:Q2 | DX23: 44539 | DY23: 0.67013889 | DZ23: 0.9583 | EA23: 1.21 | EB23: 1.112 | ED23: 2022:Q3 | EE23: 44530 | EF23: 0.67013889 | EG23: 0.2609 | EH23: 1.2784 | EI23: 0.92 | EK23: 2021:Q4 | EL23: 44546 | EM23: 0.33680556 | EN23: 2.577 | EO23: 3.2 | EP23: 3.192 | ER23: 2021:Q3 | ES23: 44496 | ET23: 0.67361111 | EU23: 0.0674 | EV23: 0.31 | EW23: 0.277 | EY23: 2021:Q3 | EZ23: 44495 | FA23: 0.26736111 | FB23: 1.8086 | FC23: 1.94 | FD23: 1.946 | FF23: 2021:Q4 | FG23: 44580 | FH23: 0.24652778 | FI23: 4.26 | FJ23: 4.48 | FK23: 4.295 | FM23: 2023:Q1 | FN23: 45030 | FO23: 0.28402778 | FP23: 4.1874 | FQ23: 4.1 | FR23: 3.379 | FT23: 2022:Q1 | FU23: 44539 | FV23: 0.67708333 | FW23: 3.1897 | FX23: 2.98 | FY23: 2.618 | GA23: 2021:Q3 | GB23: 44498 | GC23: 0.31319444 | GD23: 1.57 | GE23: 1.58 | GF23: 1.559
A24: 2021:Q3 | B24: 44404 | C24: 0.6875 | D24: 1.3 | E24: 1.2957 | F24: 1.013 | H24: 2021:Q2 | I24: 44406 | J24: 0.66736111 | K24: 0.76 | L24: 0.756 | M24: 0.615 | O24: 2021:Q2 | P24: 44404 | Q24: 0.67569444 | R24: 1.363 | S24: 1.363 | T24: 0.956 | V24: 2021:Q2 | W24: 44405 | X24: 0.67013889 | Y24: 3.61 | Z24: 3.61 | AA24: 3.018 | AC24: 2021:Q4 | AD24: 44404 | AE24: 0.66944444 | AF24: 2.1288 | AG24: 2.17 | AH24: 1.921 | AJ24: 2021:Q3 | AK24: 44488 | AL24: 0.66666667 | AM24: 0.319 | AN24: 0.319 | AO24: 0.257 | AQ24: 2022:Q2 | AR24: 44426 | AS24: 0.68055556 | AT24: 0.1018 | AU24: 0.104 | AV24: 0.1 | AX24: 2021:Q2 | AY24: 44420 | AZ24: 0.29166667 | BA24: -0.07 | BB24: 0.04 | BC24: 0.034 | BE24: 2021:Q2 | BF24: 44403 | BG24: 0.67152778 | BH24: 0.3454 | BI24: 0.4833 | BJ24: 0.325 | BL24: 2021:Q2 | BM24: 44392 | BN24: 0.5875 | BO24: 25.7348 | BP24: 25.9 | BQ24: 26.161 | BS24: 2021:Q3 | BT24: 44441 | BU24: 0.67708333 | BV24: 0.4293 | BW24: 0.696 | BX24: 0.685 | BZ24: 2021:Q2 | CA24: 44404 | CB24: 0.67708333 | CC24: 0.593 | CD24: 0.6832 | CE24: 0.54 | CG24: 2021:Q3 | CH24: 44377 | CI24: 0.67222222 | CJ24: 1.799 | CK24: 1.88 | CL24: 1.721 | CN24: 2021:Q2 | CO24: 44406 | CP24: 0.66736111 | CQ24: 0.0762 | CR24: -2.9576 | CS24: 0.1 | CU24: 2021:Q2 | CV24: 44418 | CW24: 0.66666667 | CX24: 7.7606 | CY24: 7.7606 | CZ24: 2.48 | DB24: 2021:Q2 | DC24: 44426 | DD24: 0.67013889 | DE24: -3.9056 | DF24: -2.1092 | DG24: -0.26 | DI24: 2021:Q2 | DJ24: 44405 | DK24: 0.29166667 | DL24: 0.1569 | DM24: 0.2233 | DN24: 0.097 | DP24: 2021:Q4 | DQ24: 44418 | DR24: 0.67013889 | DS24: 0.0746 | DT24: 0.081 | DU24: 0.078 | DW24: 2022:Q1 | DX24: 44452 | DY24: 0.67013889 | DZ24: 0.8711 | EA24: 1.03 | EB24: 0.97 | ED24: 2022:Q2 | EE24: 44433 | EF24: 0.67013889 | EG24: 0.1226 | EH24: 1.48 | EI24: 0.922 | EK24: 2021:Q3 | EL24: 44460 | EM24: 0.67013889 | EN24: 2.502 | EO24: 3.11 | EP24: 3.011 | ER24: 2021:Q2 | ES24: 44405 | ET24: 0.67361111 | EU24: 0.0617 | EV24: 0.284 | EW24: 0.242 | EY24: 2021:Q2 | EZ24: 44411 | FA24: 0.26736111 | FB24: 1.9171 | FC24: 1.87 | FD24: 1.893 | FF24: 2021:Q3 | FG24: 44483 | FH24: 0.24652778 | FI24: 4.28 | FJ24: 4.52 | FK24: 4.391 | FM24: 2022:Q4 | FN24: 44939 | FO24: 0.28194444 | FP24: 3.594 | FQ24: 3.57 | FR24: 3.096 | FT24: 2021:Q4 | FU24: 44462 | FV24: 0.67708333 | FW24: 3.9 | FX24: 3.76 | FY24: 3.554 | GA24: 2021:Q2 | GB24: 44407 | GC24: 0.3125 | GD24: 1.0996 | GE24: 1.1 | GF24: 0.972
A25: 2021:Q2 | B25: 44314 | C25: 0.6875 | D25: 1.3955 | E25: 1.3958 | F25: 0.991 | H25: 2021:Q1 | I25: 44315 | J25: 0.66736111 | K25: 0.7895 | L25: 0.7895 | M25: 0.485 | O25: 2021:Q1 | P25: 44313 | Q25: 0.66805556 | R25: 1.3145 | S25: 1.3145 | T25: 0.782 | V25: 2021:Q1 | W25: 44314 | X25: 0.67013889 | Y25: 3.3 | Z25: 3.3 | AA25: 2.343 | AC25: 2021:Q3 | AD25: 44313 | AE25: 0.67083333 | AF25: 1.9117 | AG25: 1.95 | AH25: 1.781 | AJ25: 2021:Q2 | AK25: 44397 | AL25: 0.66666667 | AM25: 0.297 | AN25: 0.297 | AO25: 0.316 | AQ25: 2022:Q1 | AR25: 44342 | AS25: 0.68055556 | AT25: 0.0811 | AU25: 0.0915 | AV25: 0.082 | AX25: 2021:Q1 | AY25: 44327 | AZ25: 0.29166667 | BA25: -0.07 | BB25: 0.04 | BC25: 0.035 | BE25: 2021:Q1 | BF25: 44312 | BG25: 0.67013889 | BH25: 0.1065 | BI25: 0.31 | BJ25: 0.268 | BL25: 2021:Q1 | BM25: 44301 | BO25: 27.4927 | BP25: 26.95 | BQ25: 26.3 | BS25: 2021:Q2 | BT25: 44350 | BU25: 0.67708333 | BV25: 0.3538 | BW25: 0.662 | BX25: 0.645 | BZ25: 2021:Q1 | CA25: 44313 | CB25: 0.67569444 | CC25: 0.4657 | CD25: 0.52 | CE25: 0.442 | CG25: 2021:Q2 | CH25: 44286 | CI25: 0.66736111 | CJ25: 0.6699 | CK25: 0.98 | CL25: 0.938 | CN25: 2021:Q1 | CO25: 44315 | CP25: 0.66736111 | CQ25: 0.0975 | CR25: -1.0605 | CS25: 0.082 | CU25: 2021:Q1 | CV25: 44329 | CW25: 0.66666667 | CX25: 7.4963 | CY25: 3.05 | CZ25: 3.101 | DI25: 2021:Q1 | DJ25: 44314 | DL25: 0.1383 | DM25: 1.0485 | DN25: 0.078 | DP25: 2021:Q3 | DQ25: 44320 | DR25: 0.67013889 | DS25: 0.0405 | DT25: 0.05 | DU25: 0.047 | DW25: 2021:Q4 | DX25: 44362 | DY25: 0.67013889 | DZ25: 1.3928 | EA25: 1.6902 | EB25: 1.31 | ED25: 2022:Q1 | EE25: 44343 | EF25: 0.67013889 | EG25: 0.258 | EH25: 1.2164 | EI25: 0.885 | EK25: 2021:Q2 | EL25: 44364 | EM25: 0.67013889 | EN25: 2.3038 | EO25: 3.03 | EP25: 2.82 | ER25: 2021:Q1 | ES25: 44314 | ET25: 0.67638889 | EU25: 0.0852 | EV25: 0.304 | EW25: 0.269 | EY25: 2021:Q1 | EZ25: 44313 | FA25: 0.26736111 | FB25: 1.7634 | FC25: 1.87 | FD25: 2.113 | FF25: 2021:Q2 | FG25: 44392 | FH25: 0.24652778 | FI25: 4.46 | FJ25: 4.7 | FK25: 4.429 | FM25: 2022:Q3 | FN25: 44848 | FO25: 0.28611111 | FP25: 3.1408 | FQ25: 3.12 | FR25: 2.878 | FT25: 2021:Q3 | FU25: 44343 | FV25: 0.67708333 | FW25: 2.7928 | FX25: 2.75 | FY25: 2.406 | GA25: 2021:Q1 | GB25: 44316 | GC25: 0.31180556 | GD25: 0.6463 | GE25: 0.65 | GF25: 0.611
A26: 2021:Q1 | B26: 44223 | C26: 0.6875 | D26: 1.6746 | E26: 1.6802 | F26: 1.417 | H26: 2020:Q4 | I26: 44229 | J26: 0.66875 | K26: 0.7045 | L26: 0.7045 | M26: 0.368 | O26: 2020:Q4 | P26: 44229 | Q26: 0.66805556 | R26: 1.115 | S26: 1.115 | T26: 0.78 | V26: 2020:Q4 | W26: 44223 | X26: 0.67013889 | Y26: 3.88 | Z26: 3.88 | AA26: 3.217 | AC26: 2021:Q2 | AD26: 44222 | AE26: 0.66944444 | AF26: 1.9928 | AG26: 2.0303 | AH26: 1.625 | AJ26: 2021:Q1 | AK26: 44306 | AL26: 0.66666667 | AM26: 0.375 | AN26: 0.375 | AO26: 0.299 | AQ26: 2021:Q4 | AR26: 44251 | AS26: 0.68055556 | AT26: 0.0631 | AU26: 0.0775 | AV26: 0.07 | AX26: 2020:Q4 | AY26: 44243 | AZ26: 0.29166667 | BA26: -0.08 | BB26: 0.0637 | BC26: 0.018 | BE26: 2020:Q4 | BF26: 44223 | BG26: 0.67222222 | BH26: 0.0917 | BI26: 0.2667 | BJ26: 0.342 | BL26: 2020:A | BM26: 44210 | BN26: 0.61111111 | BO26: 98.373 | BP26: 99.85 | BQ26: 98.827 | BS26: 2021:Q1 | BT26: 44259 | BU26: 0.67708333 | BV26: 0.339 | BW26: 0.661 | BX26: 0.657 | BZ26: 2020:Q4 | CA26: 44222 | CB26: 0.67361111 | CC26: 0.4082 | CD26: 0.52 | CE26: 0.472 | CG26: 2021:Q1 | CH26: 44203 | CI26: 0.66875 | CJ26: 0.7239 | CK26: 0.78 | CL26: 0.66 | CN26: 2020:Q4 | CO26: 44224 | CP26: 0.66736111 | CQ26: 0.1792 | CR26: 0.0601 | CS26: -2.4245363e-14 | DI26: 2020:Q4 | DJ26: 44244 | DK26: 0.29166667 | DL26: 0.0977 | DM26: 0.1585 | DN26: 0.121 | DP26: 2021:Q2 | DQ26: 44229 | DR26: 0.69027778 | DS26: 0.0557 | DT26: 0.063 | DU26: 0.038 | DW26: 2021:Q3 | DX26: 44265 | DY26: 0.67013889 | DZ26: 0.9375 | EA26: 1.16 | EB26: 1.11 | ED26: 2021:Q4 | EE26: 44252 | EF26: 0.67013889 | EG26: 0.0613 | EH26: 1.04 | EI26: 0.749 | EK26: 2021:Q1 | EL26: 44278 | EM26: 0.67013889 | EN26: 2.6029 | EO26: 3.14 | EP26: 2.786 | ER26: 2020:Q4 | ES26: 44223 | ET26: 0.67361111 | EU26: 0.0217 | EV26: 0.234 | EW26: 0.212 | EY26: 2020:Q4 | EZ26: 44225 | FA26: 0.26388889 | FB26: 2.6388 | FC26: 2.75 | FD26: 2.382 | FF26: 2021:Q1 | FG26: 44301 | FH26: 0.24652778 | FI26: 5.08 | FJ26: 5.31 | FK26: 4.4 | FM26: 2022:Q2 | FN26: 44756 | FO26: 0.28194444 | FP26: 2.8375 | FQ26: 2.76 | FR26: 2.883 | FT26: 2021:Q2 | FU26: 44259 | FV26: 0.67708333 | FW26: 2.14 | FX26: 2.14 | FY26: 2.447 | GA26: 2020:Q4 | GB26: 44229 | GC26: 0.3125 | GD26: -0.1122 | GE26: 0.03 | GF26: 0.017
A27: 2020:Q4 | B27: 44133 | C27: 0.6875 | D27: 0.7258 | E27: 0.7344 | F27: 0.702 | H27: 2020:Q3 | I27: 44133 | J27: 0.66736111 | K27: 0.6185 | L27: 0.6185 | M27: 0.377 | O27: 2020:Q3 | P27: 44133 | Q27: 0.66805556 | R27: 0.82 | S27: 0.7185 | T27: 0.57 | V27: 2020:Q3 | W27: 44133 | X27: 0.67013889 | Y27: 2.71 | Z27: 2.4 | AA27: 1.906 | AC27: 2021:Q1 | AD27: 44131 | AE27: 0.67569444 | AF27: 1.8077 | AG27: 1.8192 | AH27: 1.546 | AJ27: 2020:Q4 | AK27: 44215 | AL27: 0.66666667 | AM27: 0.119 | AN27: 0.119 | AO27: 0.139 | AQ27: 2021:Q3 | AR27: 44153 | AS27: 0.68055556 | AT27: 0.06 | AU27: 0.0728 | AV27: 0.065 | AX27: 2020:Q3 | AY27: 44147 | AZ27: 0.67013889 | BA27: -0.94 | BB27: 0.0746 | BC27: 0.034 | BE27: 2020:Q3 | BF27: 44125 | BG27: 0.67708333 | BH27: 0.113 | BI27: 0.2533 | BJ27: 0.183 | BL27: 2020:Q3 | BM27: 44119 | BN27: 0.62152778 | BO27: 25.5497 | BP27: 26.5 | BQ27: 24.343 | BS27: 2020:Q4 | BT27: 44175 | BU27: 0.67708333 | BV27: 0.3116 | BW27: 0.635 | BX27: 0.625 | BZ27: 2020:Q3 | CA27: 44131 | CB27: 0.27083333 | CC27: 0.3447 | CD27: 0.41 | CE27: 0.354 | CG27: 2020:Q4 | CH27: 44103 | CI27: 0.66736111 | CJ27: 1.0188 | CK27: 1.08 | CL27: 0.995 | CN27: 2020:Q3 | CO27: 44131 | CP27: 0.66736111 | CQ27: 0.2155 | CR27: -0.148 | CS27: -2.4245363e-14 | DI27: 2020:Q3 | DJ27: 44133 | DK27: 0.29166667 | DL27: 0.0503 | DM27: 0.113 | DN27: 0.051 | DP27: 2021:Q1 | DQ27: 44138 | DR27: 0.67013889 | DS27: 0.0461 | DT27: 0.055 | DU27: 0.013 | DW27: 2021:Q2 | DX27: 44175 | DY27: 0.66805556 | DZ27: 0.864 | EA27: 1.06 | EB27: 0.999 | ED27: 2021:Q3 | EE27: 44166 | EF27: 0.67083333 | EG27: 0.2784 | EH27: 1.74 | EI27: 0.749 | EK27: 2020:Q4 | EL27: 44175 | EM27: 0.33333333 | EN27: 4.6747 | EO27: 2.81 | EP27: 2.656 | ER27: 2020:Q3 | ES27: 44132 | ET27: 0.67361111 | EU27: 0.0454 | EV27: 0.242 | EW27: 0.205 | EY27: 2020:Q3 | EZ27: 44131 | FA27: 0.27083333 | FB27: 1.3087 | FC27: 1.54 | FD27: 1.745 | FF27: 2020:Q4 | FG27: 44216 | FH27: 0.24652778 | FI27: 2.3 | FJ27: 2.52 | FK27: 2.408 | FM27: 2022:Q1 | FN27: 44664 | FO27: 0.29305556 | FP27: 2.7915 | FQ27: 2.63 | FR27: 2.721 | FT27: 2021:Q1 | FU27: 44175 | FV27: 0.67708333 | FW27: 2.62 | FX27: 2.62 | FY27: 2.06 | GA27: 2020:Q3 | GB27: 44134 | GC27: 0.31180556 | GD27: -0.148 | GE27: -0.18 | GF27: -0.255
A28: 2020:Q3 | B28: 44042 | C28: 0.6875 | D28: 0.6444 | E28: 0.646 | F28: 0.518 | H28: 2020:Q2 | I28: 44042 | J28: 0.67222222 | K28: 0.515 | L28: 0.515 | M28: 0.075 | O28: 2020:Q2 | P28: 44042 | Q28: 0.67708333 | R28: 0.5065 | S28: 0.427 | T28: 0.413 | V28: 2020:Q2 | W28: 44042 | X28: 0.67013889 | Y28: 1.8 | Z28: 1.8 | AA28: 1.401 | AC28: 2020:Q4 | AD28: 44034 | AE28: 0.66875 | AF28: 1.5207 | AG28: 1.46 | AH28: 1.363 | AJ28: 2020:Q3 | AK28: 44124 | AL28: 0.66666667 | AM28: 0.174 | AN28: 0.174 | AO28: 0.213 | AQ28: 2021:Q2 | AR28: 44062 | AS28: 0.68055556 | AT28: 0.0497 | AU28: 0.0545 | AV28: 0.049 | BE28: 2020:Q2 | BF28: 44034 | BG28: 0.68541667 | BH28: 0.0346 | BI28: 0.1453 | BJ28: -0.002 | BL28: 2020:Q2 | BM28: 44028 | BN28: 0.63125 | BO28: 23.4004 | BP28: 23.2974 | BQ28: 21.398 | BS28: 2020:Q3 | BT28: 44077 | BU28: 0.67708333 | BV28: 0.1757 | BW28: 0.54 | BX28: 0.521 | BZ28: 2020:Q2 | CA28: 44040 | CB28: 0.67708333 | CC28: 0.1352 | CD28: 0.18 | CE28: 0.163 | CG28: 2020:Q3 | CH28: 44011 | CI28: 0.66805556 | CJ28: 0.7676 | CK28: 0.82 | CL28: 0.769 | CN28: 2020:Q2 | CO28: 44040 | CP28: 0.66736111 | CQ28: 0.035 | CR28: 0.0348 | CS28: -2.4245363e-14 | DI28: 2020:Q2 | DJ28: 44041 | DK28: 0.29166667 | DL28: 0.0502 | DM28: 0.105 | DN28: 0.003 | DP28: 2020:Q4 | DQ28: 44054 | DR28: 0.67013889 | DS28: 0.0609 | DT28: 0.068 | DU28: 0.051 | DW28: 2021:Q1 | DX28: 44084 | DY28: 0.66666667 | DZ28: 0.7605 | EA28: 1.0678 | EB28: 0.861 | ED28: 2021:Q2 | EE28: 44068 | EF28: 0.67013889 | EG28: 0.0945 | EH28: 1.44 | EI28: 0.668 | EK28: 2020:Q3 | EL28: 44089 | EM28: 0.67013889 | EN28: 1.9368 | EO28: 2.57 | EP28: 2.41 | ER28: 2020:Q2 | ES28: 44041 | ET28: 0.67361111 | EU28: 0.0417 | EV28: 0.246 | EW28: 0.202 | EY28: 2020:Q2 | EZ28: 44042 | FA28: 0.26736111 | FB28: 1.8 | FC28: 1.89 | FD28: 1.61 | FF28: 2020:Q3 | FG28: 44118 | FH28: 0.24652778 | FI28: 3.3 | FJ28: 3.51 | FK28: 3.101 | FM28: 2021:Q4 | FN28: 44575 | FO28: 0.29513889 | FP28: 3.3663 | FQ28: 3.33 | FR28: 2.99 | FT28: 2020:Q4 | FU28: 44098 | FV28: 0.67708333 | FW28: 3.13 | FX28: 3.13 | FY28: 2.847 | GA28: 2020:Q2 | GB28: 44043 | GC28: 0.31736111 | GD28: -0.26 | GE28: -0.7 | GF28: -0.552
A29: 2020:Q2 | B29: 43951 | C29: 0.6875 | D29: 0.6417 | E29: 0.6385 | F29: 0.564 | H29: 2020:Q1 | I29: 43951 | J29: 0.66736111 | K29: 0.2505 | L29: 0.2505 | M29: 0.314 | O29: 2020:Q1 | P29: 43949 | Q29: 0.66875 | R29: 0.4935 | S29: 0.5395 | T29: 0.518 | V29: 2020:Q1 | W29: 43950 | X29: 0.67013889 | Y29: 1.71 | Z29: 1.71 | AA29: 1.712 | AC29: 2020:Q3 | AD29: 43950 | AE29: 0.67152778 | AF29: 1.4104 | AG29: 1.4009 | AH29: 1.276 | AJ29: 2020:Q2 | AK29: 44028 | AL29: 0.66666667 | AM29: 0.159 | AN29: 0.159 | AO29: 0.181 | AQ29: 2021:Q1 | AR29: 43972 | AS29: 0.68055556 | AT29: 0.0371 | AU29: 0.045 | AV29: 0.042 | BE29: 2020:Q1 | BF29: 43950 | BG29: 0.67430556 | BH29: 0.0072 | BI29: 0.076 | BJ29: -0.025 | BL29: 2020:Q1 | BM29: 43936 | BN29: 0.79930556 | BO29: 22.5445 | BP29: 22.55 | BQ29: 20.956 | BS29: 2020:Q2 | BT29: 43986 | BU29: 0.67708333 | BV29: 0.1257 | BW29: 0.514 | BX29: 0.515 | BZ29: 2020:Q1 | CA29: 43949 | CB29: 0.68402778 | CC29: 0.1506 | CD29: 0.18 | CE29: 0.178 | CG29: 2020:Q2 | CH29: 43915 | CI29: 0.66736111 | CJ29: 0.3858 | CK29: 0.45 | CL29: 0.364 | CN29: 2020:Q1 | CO29: 43949 | CP29: 0.66736111 | CQ29: 0.007 | CR29: 0.0311 | CS29: -2.4245363e-14 | DI29: 2020:Q1 | DJ29: 43957 | DK29: 0.29166667 | DL29: -0.027 | DM29: 0.019 | DN29: -0.019 | DP29: 2020:Q3 | DQ29: 43958 | DR29: 0.67222222 | DS29: 0.029 | DT29: 0.084 | DU29: 0.035 | DW29: 2020:Q4 | DX29: 43998 | DY29: 0.66805556 | DZ29: 1.0101 | EA29: 1.3172 | EB29: 1.152 | ED29: 2021:Q1 | EE29: 43979 | EF29: 0.67013889 | EG29: -0.0579 | EH29: 0.7 | EI29: 0.694 | EK29: 2020:Q2 | EL29: 43993 | EM29: 0.67013889 | EN29: 2.2684 | EO29: 2.45 | EP29: 2.337 | ER29: 2020:Q1 | ES29: 43950 | ET29: 0.67361111 | EU29: 0.0502 | EV29: 0.21 | EW29: 0.191 | EY29: 2020:Q1 | EZ29: 43944 | FA29: 0.26736111 | FB29: 1.7088 | FC29: 1.75 | FD29: 1.511 | FF29: 2020:Q2 | FG29: 44027 | FH29: 0.24652778 | FI29: 6.91 | FJ29: 7.12 | FK29: 5.254 | FM29: 2021:Q3 | FN29: 44482 | FO29: 0.28611111 | FP29: 3.76 | FQ29: 3.74 | FR29: 2.972 | FT29: 2020:Q3 | FU29: 43979 | FV29: 0.67708333 | FW29: 1.89 | FX29: 1.89 | FY29: 1.915 | GA29: 2020:Q1 | GB29: 43952 | GC29: 0.31527778 | GD29: -0.14 | GE29: 0.53 | GF29: 0.004
A30: 2020:Q1 | B30: 43858 | C30: 0.6875 | D30: 1.2473 | E30: 1.2475 | F30: 1.142 | H30: 2019:Q4 | I30: 43860 | J30: 0.66736111 | K30: 0.3235 | L30: 0.3235 | M30: 0.205 | O30: 2019:Q4 | P30: 43864 | Q30: 0.66805556 | R30: 0.7675 | S30: 0.7445 | T30: 0.625 | V30: 2019:Q4 | W30: 43859 | X30: 0.67013889 | Y30: 2.56 | Z30: 2.56 | AA30: 2.526 | AC30: 2020:Q2 | AD30: 43859 | AE30: 0.66944444 | AF30: 1.4934 | AG30: 1.51 | AH30: 1.322 | AJ30: 2020:Q1 | AK30: 43942 | AL30: 0.66875 | AM30: 0.157 | AN30: 0.157 | AO30: 0.165 | AQ30: 2020:Q4 | AR30: 43874 | AS30: 0.68055556 | AT30: 0.0392 | AU30: 0.0473 | AV30: 0.042 | BE30: 2019:Q4 | BF30: 43859 | BG30: 0.67847222 | BH30: 0.0556 | BI30: 0.1427 | BJ30: 0.12 | BL30: 2019:A | BM30: 43846 | BN30: 0.56805556 | BO30: 66.9573 | BP30: 66.6 | BQ30: 65.791 | BS30: 2020:Q1 | BT30: 43902 | BU30: 0.67708333 | BV30: 0.1285 | BW30: 0.525 | BX30: 0.534 | BZ30: 2019:Q4 | CA30: 43858 | CB30: 0.67708333 | CC30: 0.2351 | CD30: 0.32 | CE30: 0.303 | CG30: 2020:Q1 | CH30: 43817 | CI30: 0.66736111 | CJ30: 0.422 | CK30: 0.48 | CL30: 0.472 | CN30: 2019:Q4 | CO30: 43858 | CP30: 0.66736111 | CQ30: 0.118 | CR30: 0.1181 | CS30: -2.4245363e-14 | DI30: 2019:Q4 | DJ30: 43873 | DK30: 0.29166667 | DL30: 0.001 | DM30: 0.043 | DN30: 0.024 | DP30: 2020:Q2 | DQ30: 43867 | DR30: 0.69236111 | DS30: 0.046 | DT30: 0.057 | DU30: 0.066 | DW30: 2020:Q3 | DX30: 43902 | DY30: 0.66805556 | DZ30: 0.8046 | EA30: 0.97 | EB30: 0.96 | ED30: 2020:Q4 | EE30: 43886 | EF30: 0.67083333 | EG30: -0.3084 | EH30: 0.66 | EI30: 0.555 | EK30: 2020:Q1 | EL30: 43902 | EM30: 0.67013889 | EN30: 1.963 | EO30: 2.27 | EP30: 2.234 | ER30: 2019:Q4 | ES30: 43859 | ET30: 0.67361111 | EU30: 0.6064 | EV30: 0.192 | EW30: 0.174 | EY30: 2019:Q4 | EZ30: 43860 | FA30: 0.26736111 | FB30: 1.6851 | FC30: 1.73 | FD30: 1.523 | FF30: 2020:Q1 | FG30: 43936 | FH30: 0.24652778 | FI30: 3.52 | FJ30: 3.72 | FK30: 3.646 | FM30: 2021:Q2 | FN30: 44390 | FO30: 0.28611111 | FP30: 3.828 | FQ30: 3.78 | FR30: 3.151 | FT30: 2020:Q2 | FU30: 43895 | FV30: 0.67708333 | FW30: 2.1 | FX30: 2.1 | FY30: 2.062 | GA30: 2019:Q4 | GB30: 43861 | GC30: 0.31180556 | GD30: 0.4633 | GE30: 0.41 | GF30: 0.433
A31: 2019:Q4 | B31: 43768 | C31: 0.6875 | D31: 0.759 | E31: 0.7569 | F31: 0.711 | H31: 2019:Q3 | I31: 43762 | J31: 0.66736111 | K31: 0.2115 | L31: 0.2115 | M31: 0.229 | O31: 2019:Q3 | P31: 43766 | Q31: 0.66944444 | R31: 0.506 | S31: 0.5795 | T31: 0.618 | V31: 2019:Q3 | W31: 43768 | X31: 0.67013889 | Y31: 2.13 | Z31: 2.12 | AA31: 1.911 | AC31: 2020:Q1 | AD31: 43761 | AE31: 0.66736111 | AF31: 1.3858 | AG31: 1.385 | AH31: 1.244 | AJ31: 2019:Q4 | AK31: 43851 | AL31: 0.66666667 | AM31: 0.13 | AN31: 0.13 | AO31: 0.053 | AQ31: 2020:Q3 | AR31: 43783 | AS31: 0.68055556 | AT31: 0.0365 | AU31: 0.0445 | AV31: 0.039 | BE31: 2019:Q3 | BF31: 43761 | BG31: 0.72708333 | BH31: 0.058 | BI31: 0.124 | BJ31: -0.009 | BL31: 2019:Q3 | BM31: 43755 | BN31: 0.61736111 | BO31: 19.5828 | BP31: 19.5 | BQ31: 18.586 | BS31: 2019:Q4 | BT31: 43811 | BU31: 0.67708333 | BV31: 0.2154 | BW31: 0.539 | BX31: 0.539 | BZ31: 2019:Q3 | CA31: 43767 | CB31: 0.67708333 | CC31: 0.1382 | CD31: 0.18 | CE31: 0.182 | CG31: 2019:Q4 | CH31: 43734 | CI31: 0.66736111 | CJ31: 0.4201 | CK31: 0.56 | CL31: 0.485 | CN31: 2019:Q3 | CO31: 43767 | CP31: 0.66736111 | CQ31: 0.094 | CR31: 0.0941 | CS31: -2.4245363e-14 | DI31: 2019:Q3 | DJ31: 43767 | DK31: 0.29166667 | DL31: -0.064 | DM31: 0.014 | DN31: 0.01 | DP31: 2020:Q1 | DQ31: 43783 | DR31: 0.67708333 | DS31: 0.051 | DT31: 0.051 | DU31: 0.063 | DW31: 2020:Q2 | DX31: 43811 | DY31: 0.66666667 | DZ31: 0.7026 | EA31: 0.9 | EB31: 0.885 | ED31: 2020:Q3 | EE31: 43802 | EF31: 0.67013889 | EG31: -0.1294 | EH31: 0.75 | EI31: 0.66 | EK31: 2019:Q4 | EL31: 43811 | EM31: 0.67013889 | EN31: 1.7309 | EO31: 2.29 | EP31: 2.258 | ER31: 2019:Q3 | ES31: 43761 | ET31: 0.67361111 | EU31: 0.042 | EV31: 0.198 | EW31: 0.177 | EY31: 2019:Q3 | EZ31: 43761 | FA31: 0.26736111 | FB31: 1.436 | FC31: 1.48 | FD31: 1.405 | FF31: 2019:Q4 | FG31: 43845 | FH31: 0.24652778 | FI31: 3.68 | FJ31: 3.9 | FK31: 3.778 | FM31: 2021:Q1 | FN31: 44300 | FO31: 0.28541667 | FP31: 4.5072 | FQ31: 4.5 | FR31: 3.014 | FT31: 2020:Q1 | FU31: 43811 | FV31: 0.67708333 | FW31: 1.9 | FX31: 1.9 | FY31: 1.711 | GA31: 2019:Q3 | GB31: 43770 | GC31: 0.3125 | GD31: 0.75 | GE31: 0.6722 | GF31: 0.668
A32: 2019:Q3 | B32: 43676 | C32: 0.6875 | D32: 0.5438 | E32: 0.5457 | F32: 0.525 | H32: 2019:Q2 | I32: 43671 | J32: 0.66736111 | K32: 0.261 | L32: 0.261 | M32: 0.279 | O32: 2019:Q2 | P32: 43671 | Q32: 0.66805556 | R32: 0.7105 | S32: 0.583 | T32: 0.56 | V32: 2019:Q2 | W32: 43670 | X32: 0.67013889 | Y32: 0.91 | Z32: 0.91 | AA32: 1.88 | AC32: 2019:Q4 | AD32: 43664 | AE32: 0.66944444 | AF32: 1.3506 | AG32: 1.37 | AH32: 1.215 | AJ32: 2019:Q3 | AK32: 43754 | AL32: 0.66666667 | AM32: 0.147 | AN32: 0.147 | AO32: 0.104 | AQ32: 2020:Q2 | AR32: 43692 | AS32: 0.68055556 | AT32: 0.0228 | AU32: 0.031 | AV32: 0.028 | BE32: 2019:Q2 | BF32: 43670 | BG32: 0.70138889 | BH32: -0.1103 | BI32: -0.0747 | BJ32: -0.022 | BL32: 2019:Q2 | BM32: 43663 | BN32: 0.79236111 | BO32: 12.8181 | BP32: 12.85 | BQ32: 12.702 | BS32: 2019:Q3 | BT32: 43720 | BU32: 0.67708333 | BV32: 0.1866 | BW32: 0.516 | BX32: 0.513 | BZ32: 2019:Q2 | CA32: 43676 | CB32: 0.68055556 | CC32: 0.0341 | CD32: 0.08 | CE32: 0.077 | CG32: 2019:Q3 | CH32: 43641 | CI32: 0.66805556 | CJ32: 0.9477 | CK32: 1.05 | CL32: 0.784 | CN32: 2019:Q2 | CO32: 43676 | CP32: 0.66736111 | CQ32: -0.0135 | CR32: -0.0134 | CS32: 0.043 | DI32: 2019:Q2 | DJ32: 43678 | DK32: 0.29166667 | DL32: -0.026 | DM32: 0.014 | DN32: 0.003 | DP32: 2019:Q4 | DQ32: 43692 | DR32: 0.67361111 | DS32: 0.1339 | DT32: 0.0453 | DU32: 0.059 | DW32: 2020:Q1 | DX32: 43719 | DY32: 0.67152778 | DZ32: 0.6496 | EA32: 0.81 | EB32: 0.807 | ED32: 2020:Q2 | EE32: 43699 | EF32: 0.67013889 | EG32: 0.1656 | EH32: 0.66 | EI32: 0.469 | EK32: 2019:Q3 | EL32: 43725 | EM32: 0.67013889 | EN32: 1.6046 | EO32: 2.05 | EP32: 1.972 | ER32: 2019:Q2 | ES32: 43670 | ET32: 0.67361111 | EU32: -0.0119 | EV32: 0.142 | EW32: 0.125 | EY32: 2019:Q2 | EZ32: 43676 | FA32: 0.26736111 | FB32: 1.4614 | FC32: 1.5 | FD32: 1.45 | FF32: 2019:Q3 | FG32: 43753 | FH32: 0.24652778 | FI32: 3.67 | FJ32: 3.88 | FK32: 3.747 | FM32: 2020:Q4 | FN32: 44211 | FO32: 0.29027778 | FP32: 3.8607 | FQ32: 3.79 | FR32: 2.623 | FT32: 2019:Q4 | FU32: 43741 | FV32: 0.67708333 | FW32: 2.69 | FX32: 2.6941 | FY32: 2.544 | GA32: 2019:Q2 | GB32: 43679 | GC32: 0.31180556 | GD32: 0.73 | GE32: 0.6128 | GF32: 0.659
A33: 2019:Q2 | B33: 43585 | C33: 0.6875 | D33: 0.6166 | E33: 0.6149 | F33: 0.593 | H33: 2019:Q1 | I33: 43580 | J33: 0.66736111 | K33: 0.3545 | L33: 0.3545 | M33: 0.234 | O33: 2019:Q1 | P33: 43584 | Q33: 0.66805556 | R33: 0.475 | S33: 0.5405 | T33: 0.527 | V33: 2019:Q1 | W33: 43579 | X33: 0.67013889 | Y33: 0.85 | Z33: 0.85 | AA33: 1.619 | AC33: 2019:Q3 | AD33: 43579 | AE33: 0.67013889 | AF33: 1.1355 | AG33: 1.1375 | AH33: 0.999 | AJ33: 2019:Q2 | AK33: 43663 | AL33: 0.66666667 | AM33: 0.06 | AN33: 0.06 | AO33: 0.056 | AQ33: 2020:Q1 | AR33: 43601 | AS33: 0.68055556 | AT33: 0.0166 | AU33: 0.022 | AV33: 0.02 | BE33: 2019:Q1 | BF33: 43579 | BG33: 0.71944444 | BH33: -0.2517 | BI33: -0.1933 | BJ33: -0.086 | BL33: 2019:Q1 | BM33: 43600 | BO33: 11.923 | BP33: 11.85 | BQ33: 12.254 | BS33: 2019:Q2 | BT33: 43629 | BU33: 0.67708333 | BV33: 0.1881 | BW33: 0.521 | BX33: 0.515 | BZ33: 2019:Q1 | CA33: 43585 | CB33: 0.68055556 | CC33: 0.0057 | CD33: 0.06 | CE33: 0.054 | CG33: 2019:Q2 | CH33: 43544 | CI33: 0.66736111 | CJ33: 1.5317 | CK33: 1.71 | CL33: 1.654 | CN33: 2019:Q1 | CO33: 43585 | CP33: 0.66736111 | CQ33: -0.0767 | CR33: -0.0532 | CS33: -2.4245363e-14 | DI33: 2019:Q1 | DJ33: 43585 | DK33: 0.29166667 | DL33: -0.022 | DM33: 0.009 | DN33: -0.004 | DP33: 2019:Q3 | DQ33: 43602 | DR33: 0.25138889 | DS33: 0.021 | DT33: 0.021 | DU33: 0.05 | DW33: 2019:Q4 | DX33: 43635 | DY33: 0.66805556 | DZ33: 1.0873 | EA33: 1.16 | EB33: 1.074 | ED33: 2020:Q1 | EE33: 43620 | EF33: 0.67013889 | EG33: 0.2101 | EH33: 0.93 | EI33: 0.606 | EK33: 2019:Q2 | EL33: 43634 | EM33: 0.67013889 | EN33: 1.2916 | EO33: 1.83 | EP33: 1.782 | ER33: 2019:Q1 | ES33: 43579 | ET33: 0.67361111 | EU33: -0.002 | EV33: 0.134 | EW33: 0.108 | EY33: 2019:Q1 | EZ33: 43585 | FA33: 0.26736111 | FB33: 1.221 | FC33: 1.33 | FD33: 1.301 | FF33: 2019:Q2 | FG33: 43664 | FH33: 0.24652778 | FI33: 3.42 | FJ33: 3.6 | FK33: 3.449 | FM33: 2020:Q3 | FN33: 44117 | FO33: 0.28194444 | FP33: 3.0543 | FQ33: 2.92 | FR33: 2.257 | FT33: 2019:Q3 | FU33: 43615 | FV33: 0.67708333 | FW33: 1.8851 | FX33: 1.8868 | FY33: 1.813 | GA33: 2019:Q1 | GB33: 43581 | GC33: 0.33333333 | GD33: 0.55 | GE33: 0.5504 | GF33: 0.716
A34: 2019:Q1 | B34: 43494 | C34: 0.6875 | D34: 1.0469 | E34: 1.0457 | F34: 1.042 | H34: 2018:Q4 | I34: 43496 | J34: 0.66736111 | K34: 0.302 | L34: 0.302 | M34: 0.278 | O34: 2018:Q4 | P34: 43500 | Q34: 0.66805556 | R34: 0.6385 | S34: 0.6405 | T34: 0.543 | V34: 2018:Q4 | W34: 43495 | X34: 0.67013889 | Y34: 2.38 | Z34: 2.38 | AA34: 2.183 | AC34: 2019:Q2 | AD34: 43495 | AE34: 0.66944444 | AF34: 1.0907 | AG34: 1.1041 | AH34: 1.093 | AJ34: 2019:Q1 | AK34: 43571 | AL34: 0.66666667 | AM34: 0.076 | AN34: 0.076 | AO34: 0.058 | AQ34: 2019:Q4 | AR34: 43510 | AS34: 0.68055556 | AT34: 0.0133 | AU34: 0.02 | AV34: 0.02 | BE34: 2018:Q4 | BF34: 43495 | BG34: 0.67986111 | BH34: 0.0621 | BI34: 0.1287 | BJ34: 0.143 | BL34: 2018:A | BM34: 43481 | BN34: 0.8 | BO34: 68.433 | BP34: 67.7 | BQ34: 67.514 | BS34: 2019:Q1 | BT34: 43538 | BU34: 0.67708333 | BV34: 0.2471 | BW34: 0.555 | BX34: 0.524 | BZ34: 2018:Q4 | CA34: 43494 | CB34: 0.67708333 | CC34: 0.0449 | CD34: 0.08 | CE34: 0.082 | CG34: 2019:Q1 | CH34: 43452 | CI34: 0.66736111 | CJ34: 2.8857 | CK34: 2.97 | CL34: 2.953 | CN34: 2018:Q4 | CO34: 43494 | CP34: 0.66736111 | CQ34: 0.0307 | CR34: 0.0307 | CS34: 0.155 | DI34: 2018:Q4 | DJ34: 43508 | DK34: 0.29166667 | DL34: -0.001 | DM34: 0.026 | DN34: 0.02 | DP34: 2019:Q2 | DQ34: 43510 | DR34: 0.67708333 | DS34: 0.036 | DT34: 0.036 | DU34: 0.06 | DW34: 2019:Q3 | DX34: 43538 | DY34: 0.66805556 | DZ34: 0.7027 | EA34: 0.87 | EB34: 0.841 | ED34: 2019:Q4 | EE34: 43528 | EF34: 0.67013889 | EG34: 0.3344 | EH34: 0.7 | EI34: 0.553 | EK34: 2019:Q1 | EL34: 43538 | EM34: 0.67013889 | EN34: 1.2988 | EO34: 1.71 | EP34: 1.616 | ER34: 2018:Q4 | ES34: 43495 | ET34: 0.67361111 | EU34: 0.0078 | EV34: 0.154 | EW34: 0.126 | EY34: 2018:Q4 | EZ34: 43502 | FA34: 0.26736111 | FB34: 1.2067 | FC34: 1.33 | FD34: 1.337 | FF34: 2019:Q1 | FG34: 43571 | FH34: 0.24652778 | FI34: 3.56 | FJ34: 3.73 | FK34: 3.599 | FM34: 2020:Q2 | FN34: 44026 | FO34: 0.28611111 | FP34: 1.4103 | FQ34: 1.38 | FR34: 1.007 | FT34: 2019:Q2 | FU34: 43531 | FV34: 0.67708333 | FW34: 2.01 | FX34: 2.01 | FY34: 1.689 | GA34: 2018:Q4 | GB34: 43497 | GC34: 0.33333333 | GD34: 1.5009 | GE34: 1.41 | GF34: 1.08
A35: 2018:Q4 | B35: 43405 | C35: 0.6875 | D35: 0.7287 | E35: 0.7285 | F35: 0.695 | H35: 2018:Q3 | I35: 43398 | J35: 0.66736111 | K35: 0.2875 | L35: 0.2875 | M35: 0.155 | O35: 2018:Q3 | P35: 43398 | Q35: 0.66875 | R35: 0.653 | S35: 0.593 | T35: 0.523 | V35: 2018:Q3 | W35: 43403 | X35: 0.67013889 | Y35: 1.76 | Z35: 1.76 | AA35: 1.474 | AC35: 2019:Q1 | AD35: 43397 | AE35: 0.66944444 | AF35: 1.1153 | AG35: 1.1362 | AH35: 0.962 | AJ35: 2018:Q4 | AK35: 43482 | AL35: 0.66666667 | AM35: 0.03 | AN35: 0.03 | AO35: 0.024 | AQ35: 2019:Q3 | AR35: 43419 | AS35: 0.68055556 | AT35: 0.0435 | AU35: 0.046 | AV35: 0.048 | BE35: 2018:Q3 | BF35: 43397 | BG35: 0.68680556 | BH35: 0.1285 | BI35: 0.1933 | BJ35: -0.01 | BL35: 2018:Q3 | BM35: 43390 | BN35: 0.61527778 | BO35: 17.7315 | BP35: 17.2 | BQ35: 17.124 | BS35: 2018:Q4 | BT35: 43440 | BU35: 0.67708333 | BV35: 0.3072 | BW35: 0.585 | BX35: 0.557 | BZ35: 2018:Q3 | CA35: 43397 | CB35: 0.6875 | CC35: 0.0944 | CD35: 0.13 | CE35: 0.124 | CG35: 2018:Q4 | CH35: 43363 | CI35: 0.66736111 | CJ35: 3.4807 | CK35: 3.53 | CL35: 3.326 | CN35: 2018:Q3 | CO35: 43398 | CP35: 0.66736111 | CQ35: 0.11 | CR35: 0.1101 | CS35: 0.079 | DI35: 2018:Q3 | DJ35: 43398 | DK35: 0.29166667 | DL35: -0.022 | DM35: 0.004 | DN35: -0.004 | DP35: 2019:Q1 | DQ35: 43419 | DR35: 0.67013889 | DS35: 0.037 | DT35: 0.037 | DU35: 0.068 | DW35: 2019:Q2 | DX35: 43451 | DY35: 0.66805556 | DZ35: 0.6411 | EA35: 0.8 | EB35: 0.783 | ED35: 2019:Q3 | EE35: 43431 | EF35: 0.67013889 | EG35: 0.0666 | EH35: 0.61 | EI35: 0.501 | EK35: 2018:Q4 | EL35: 43447 | EM35: 0.67013889 | EN35: 1.3761 | EO35: 1.83 | EP35: 1.883 | ER35: 2018:Q3 | ES35: 43397 | ET35: 0.67361111 | EU35: 0.0084 | EV35: 0.136 | EW35: 0.119 | EY35: 2018:Q3 | EZ35: 43410 | FA35: 0.26736111 | FB35: 1.1828 | FC35: 1.39 | FD35: 1.345 | FF35: 2018:Q4 | FG35: 43480 | FH35: 0.24652778 | FI35: 3.1 | FJ35: 3.28 | FK35: 3.209 | FM35: 2020:Q1 | FN35: 43935 | FO35: 0.28055556 | FP35: 0.8302 | FQ35: 0.78 | FR35: 2.141 | FT35: 2019:Q1 | FU35: 43447 | FV35: 0.67708333 | FW35: 1.73 | FX35: 1.61 | FY35: 1.623 | GA35: 2018:Q3 | GB35: 43406 | GC35: 0.33055556 | GD35: 1.46 | GE35: 1.461 | GF35: 1.222
A36: 2018:Q3 | B36: 43312 | C36: 0.6875 | D36: 0.5768 | E36: 0.5751 | F36: 0.546 | H36: 2018:Q2 | I36: 43307 | J36: 0.66736111 | K36: 0.2535 | L36: 0.2535 | M36: 0.124 | O36: 2018:Q2 | P36: 43304 | Q36: 0.66944444 | R36: 0.227 | S36: 0.529 | T36: 0.475 | V36: 2018:Q2 | W36: 43306 | X36: 0.67013889 | Y36: 1.74 | Z36: 1.74 | AA36: 1.715 | AC36: 2018:Q4 | AD36: 43300 | AE36: 0.66875 | AF36: 0.9347 | AG36: 1.13 | AH36: 1.077 | AJ36: 2018:Q3 | AK36: 43389 | AL36: 0.67013889 | AM36: 0.089 | AN36: 0.089 | AO36: 0.068 | AQ36: 2019:Q2 | AR36: 43328 | AS36: 0.68055556 | AT36: 0.0439 | AU36: 0.0485 | AV36: 0.046 | BE36: 2018:Q2 | BF36: 43313 | BG36: 0.67638889 | BH36: -0.2287 | BI36: -0.204 | BJ36: -0.194 | BL36: 2018:Q2 | BM36: 43299 | BO36: 14.3612 | BP36: 13.95 | BQ36: 13.872 | BS36: 2018:Q3 | BT36: 43349 | BU36: 0.67708333 | BV36: 0.2818 | BW36: 0.498 | BX36: 0.483 | BZ36: 2018:Q2 | CA36: 43306 | CB36: 0.69444444 | CC36: 0.11 | CD36: 0.14 | CE36: 0.128 | CG36: 2018:Q3 | CH36: 43271 | CI36: 0.66736111 | CJ36: 3.0341 | CK36: 3.15 | CL36: 3.139 | CN36: 2018:Q2 | CO36: 43307 | CP36: 0.66736111 | CQ36: 0.042 | CR36: 0.0652 | CS36: 0.053 | DI36: 2018:Q2 | DJ36: 43312 | DK36: 0.29166667 | DL36: -0.023 | DM36: 0.002 | DN36: -0.003 | DP36: 2018:Q4 | DQ36: 43333 | DR36: 0.67708333 | DS36: 0.0476 | DT36: 0.05 | DU36: 0.054 | DW36: 2019:Q1 | DX36: 43360 | DY36: 0.67013889 | DZ36: 0.5855 | EA36: 0.71 | EB36: 0.684 | ED36: 2019:Q2 | EE36: 43341 | EF36: 0.67013889 | EG36: 0.244 | EH36: 0.71 | EI36: 0.472 | EK36: 2018:Q3 | EL36: 43356 | EM36: 0.67013889 | EN36: 1.3357 | EO36: 1.73 | EP36: 1.69 | ER36: 2018:Q2 | ES36: 43306 | ET36: 0.67361111 | EU36: -0.0563 | EV36: 0.098 | EW36: 0.085 | EY36: 2018:Q2 | EZ36: 43305 | FA36: 0.26736111 | FB36: 1.3096 | FC36: 1.5 | FD36: 1.296 | FF36: 2018:Q3 | FG36: 43389 | FH36: 0.24652778 | FI36: 3.24 | FJ36: 3.41 | FK36: 3.292 | FM36: 2019:Q4 | FN36: 43844 | FO36: 0.29097222 | FP36: 2.876 | FQ36: 2.57 | FR36: 2.359 | FT36: 2018:Q4 | FU36: 43377 | FV36: 0.67708333 | FW36: 2.36 | FX36: 2.36 | FY36: 2.358 | GA36: 2018:Q2 | GB36: 43308 | GC36: 0.33333333 | GD36: 0.92 | GE36: 0.9248 | GF36: 1.262
A37: 2018:Q2 | B37: 43221 | C37: 0.6875 | D37: 0.6839 | E37: 0.6818 | F37: 0.66 | H37: 2018:Q1 | I37: 43216 | J37: 0.66736111 | K37: 0.1635 | L37: 0.1635 | M37: 0.063 | O37: 2018:Q1 | P37: 43213 | Q37: 0.66805556 | R37: 0.6665 | S37: 0.6665 | T37: 0.464 | V37: 2018:Q1 | W37: 43215 | X37: 0.67013889 | Y37: 1.69 | Z37: 1.69 | AA37: 1.354 | AC37: 2018:Q3 | AD37: 43216 | AE37: 0.67083333 | AF37: 0.8982 | AG37: 0.9525 | AH37: 0.849 | AJ37: 2018:Q2 | AK37: 43297 | AL37: 0.67013889 | AM37: 0.085 | AN37: 0.085 | AO37: 0.079 | AQ37: 2019:Q1 | AR37: 43230 | AS37: 0.68055556 | AT37: 0.0494 | AU37: 0.0513 | AV37: 0.041 | BE37: 2018:Q1 | BF37: 43222 | BG37: 0.67430556 | BH37: -0.2634 | BI37: -0.2233 | BJ37: -0.228 | BL37: 2018:Q1 | BM37: 43207 | BO37: 17.1762 | BP37: 17.3 | BQ37: 17.29 | BS37: 2018:Q2 | BT37: 43258 | BU37: 0.66805556 | BV37: 0.8015 | BW37: 0.488 | BX37: 0.47 | BZ37: 2018:Q1 | CA37: 43215 | CB37: 0.67708333 | CC37: 0.081 | CD37: 0.11 | CE37: 0.087 | CG37: 2018:Q2 | CH37: 43181 | CI37: 0.66666667 | CJ37: 2.7938 | CK37: 2.82 | CL37: 2.742 | CN37: 2018:Q1 | CO37: 43216 | CP37: 0.67013889 | CQ37: 0.015 | CR37: 0.0472 | CS37: 0.027 | DI37: 2018:Q1 | DJ37: 43221 | DK37: 0.29652778 | DL37: -0.016 | DM37: 0.004 | DN37: -0.005 | DP37: 2018:Q3 | DQ37: 43223 | DR37: 0.67013889 | DS37: 0.028 | DT37: 0.028 | DU37: 0.042 | DW37: 2018:Q4 | DX37: 43270 | DY37: 0.66805556 | DZ37: 0.8149 | EA37: 0.99 | EB37: 0.941 | ED37: 2019:Q1 | EE37: 43249 | EF37: 0.67013889 | EG37: 0.2389 | EH37: 0.74 | EI37: 0.454 | EK37: 2018:Q2 | EL37: 43265 | EM37: 0.67013889 | EN37: 1.328 | EO37: 1.66 | EP37: 1.542 | ER37: 2018:Q1 | ES37: 43215 | ET37: 0.67361111 | EU37: 0.0126 | EV37: 0.112 | EW37: 0.074 | EY37: 2018:Q1 | EZ37: 43214 | FA37: 0.26736111 | FB37: 1.1489 | FC37: 1.34 | FD37: 1.135 | FF37: 2018:Q2 | FG37: 43298 | FH37: 0.24652778 | FI37: 2.98 | FJ37: 3.14 | FK37: 3.035 | FM37: 2019:Q3 | FN37: 43753 | FO37: 0.28472222 | FP37: 2.6825 | FQ37: 2.6858 | FR37: 2.456 | FT37: 2018:Q3 | FU37: 43251 | FV37: 0.67708333 | FW37: 1.7 | FX37: 1.7 | FY37: 1.688 | GA37: 2018:Q1 | GB37: 43217 | GC37: 0.33333333 | GD37: 1.09 | GE37: 1.089 | GF37: 1.103
A38: 2018:Q1 | B38: 43132 | C38: 0.6875 | D38: 0.9688 | E38: 0.9726 | F38: 0.961 | H38: 2017:Q4 | I38: 43132 | J38: 0.66736111 | K38: 0.1875 | L38: 0.1075 | M38: 0.092 | O38: 2017:Q4 | P38: 43132 | Q38: 0.66805556 | R38: -0.2175 | S38: 0.485 | T38: 0.502 | V38: 2017:Q4 | W38: 43131 | X38: 0.67013889 | Y38: 1.44 | Z38: 2.21 | AA38: 1.946 | AC38: 2018:Q2 | AD38: 43131 | AE38: 0.67083333 | AF38: 0.9481 | AG38: 0.96 | AH38: 0.862 | AJ38: 2018:Q1 | AK38: 43206 | AL38: 0.67916667 | AM38: 0.064 | AN38: 0.064 | AO38: 0.064 | AQ38: 2018:Q4 | AR38: 43139 | AS38: 0.68055556 | AT38: 0.0392 | AU38: 0.043 | AV38: 0.032 | BE38: 2017:Q4 | BF38: 43138 | BG38: 0.67569444 | BH38: -0.2445 | BI38: -0.2027 | BJ38: -0.213 | BL38: 2017:A | BM38: 43118 | BN38: 0.56527778 | BO38: 65.9459 | BP38: 66.15 | BQ38: 65.721 | BS38: 2018:Q1 | BT38: 43174 | BU38: 0.66805556 | BV38: 0.1705 | BW38: 0.512 | BX38: 0.505 | BZ38: 2017:Q4 | CA38: 43130 | CB38: 0.67013889 | CC38: -0.0189 | CD38: 0.08 | CE38: 0.049 | CG38: 2018:Q1 | CH38: 43088 | CI38: 0.66666667 | CJ38: 2.409 | CK38: 2.45 | CL38: 2.213 | CN38: 2017:Q4 | CO38: 43125 | CP38: 0.67013889 | CQ38: 0.1614 | CR38: 0.1553 | CS38: 0.133 | DI38: 2017:Q4 | DJ38: 43146 | DK38: 0.29166667 | DL38: -0.003 | DM38: 0.015 | DN38: 0.005 | DP38: 2018:Q2 | DQ38: 43130 | DR38: 0.67013889 | DS38: -0.002 | DT38: -0.002 | DU38: 0.044 | DW38: 2018:Q3 | DX38: 43178 | DY38: 0.66805556 | DZ38: 0.7004 | EA38: 0.83 | EB38: 0.723 | ED38: 2018:Q4 | EE38: 43159 | EF38: 0.67013889 | EG38: 0.2595 | EH38: 0.35 | EI38: 0.335 | EK38: 2018:Q1 | EL38: 43174 | EM38: 0.67013889 | EN38: 1.1835 | EO38: 1.55 | EP38: 1.438 | ER38: 2017:Q4 | ES38: 43131 | ET38: 0.67361111 | EU38: -0.0192 | EV38: 0.07 | EW38: 0.07 | EY38: 2017:Q4 | EZ38: 43131 | FA38: 0.26736111 | FB38: 1.0354 | FC38: 1.14 | FD38: 1.074 | FF38: 2018:Q1 | FG38: 43207 | FH38: 0.24652778 | FI38: 2.87 | FJ38: 3.04 | FK38: 2.894 | FM38: 2019:Q2 | FN38: 43662 | FO38: 0.28194444 | FP38: 2.6011 | FQ38: 2.59 | FR38: 2.498 | FT38: 2018:Q2 | FU38: 43166 | FV38: 0.67708333 | FW38: 1.59 | FX38: 1.4199 | FY38: 1.489 | GA38: 2017:Q4 | GB38: 43133 | GC38: 0.33333333 | GD38: 0.874 | GE38: 0.88 | GF38: 1.03
A39: 2017:Q4 | B39: 43041 | C39: 0.6875 | D39: 0.4955 | E39: 0.5167 | F39: 0.468 | H39: 2017:Q3 | I39: 43034 | J39: 0.66736111 | K39: 0.026 | L39: 0.026 | M39: 0.002 | O39: 2017:Q3 | P39: 43034 | Q39: 0.67013889 | R39: 0.4785 | S39: 0.4785 | T39: 0.417 | V39: 2017:Q3 | W39: 43040 | X39: 0.67013889 | Y39: 1.59 | Z39: 1.59 | AA39: 1.28 | AC39: 2018:Q1 | AD39: 43034 | AE39: 0.67013889 | AF39: 0.7922 | AG39: 0.8432 | AH39: 0.718 | AJ39: 2017:Q4 | AK39: 43122 | AL39: 0.67013889 | AM39: 0.041 | AN39: 0.041 | AO39: 0.041 | AQ39: 2018:Q3 | AR39: 43048 | AS39: 0.68055556 | AT39: 0.0333 | AU39: 0.033 | AV39: 0.027 | BE39: 2017:Q3 | BF39: 43040 | BG39: 0.67916667 | BH39: -0.238 | BI39: -0.1947 | BJ39: -0.151 | BL39: 2017:Q3 | BM39: 43026 | BO39: 17.2106 | BP39: 17.35 | BQ39: 16.923 | BS39: 2017:Q4 | BT39: 43075 | BU39: 0.67013889 | BV39: 0.1695 | BW39: 0.459 | BX39: 0.453 | BZ39: 2017:Q3 | CA39: 43032 | CB39: 0.68125 | CC39: 0.0619 | CD39: 0.1 | CE39: 0.078 | CG39: 2017:Q4 | CH39: 43004 | CI39: 0.66666667 | CJ39: 1.9783 | CK39: 2.02 | CL39: 1.84 | CN39: 2017:Q3 | CO39: 43034 | CP39: 0.67013889 | CQ39: 0.158 | CR39: 0.1766 | CS39: 0.122 | DI39: 2017:Q3 | DJ39: 43039 | DK39: 0.29166667 | DL39: -0.009 | DM39: 0.005 | DN39: -0.002 | DP39: 2018:Q1 | DQ39: 43034 | DS39: 0.012 | DT39: 0.012 | DU39: 0.028 | DW39: 2018:Q2 | DX39: 43083 | DY39: 0.66666667 | DZ39: 0.5676 | EA39: 0.7 | EB39: 0.682 | ED39: 2018:Q3 | EE39: 43060 | EF39: 0.67013889 | EG39: 0.1391 | EH39: 0.39 | EI39: 0.366 | EK39: 2017:Q4 | EL39: 43083 | EM39: 0.67013889 | EN39: 0.9956 | EO39: 1.26 | EP39: 1.157 | ER39: 2017:Q3 | ES39: 43033 | ET39: 0.67361111 | EU39: -0.0259 | EV39: 0.076 | EW39: 0.063 | EY39: 2017:Q3 | EZ39: 43032 | FA39: 0.26736111 | FB39: 0.947 | FC39: 1.05 | FD39: 1.028 | FF39: 2017:Q4 | FG39: 43116 | FH39: 0.24652778 | FI39: 2.442 | FJ39: 2.59 | FK39: 2.515 | FM39: 2019:Q1 | FN39: 43567 | FO39: 0.28263889 | FP39: 2.6307 | FQ39: 2.5854 | FR39: 2.353 | FT39: 2018:Q1 | FU39: 43083 | FV39: 0.67708333 | FW39: 1.45 | FX39: 1.3617 | FY39: 1.341 | GA39: 2017:Q3 | GB39: 43035 | GC39: 0.33333333 | GD39: 0.93 | GE39: 0.9295 | GF39: 0.87
A40: 2017:Q3 | B40: 42948 | C40: 0.6875 | D40: 0.416 | E40: 0.4164 | F40: 0.394 | H40: 2017:Q2 | I40: 42943 | J40: 0.66736111 | K40: 0.02 | L40: 0.02 | M40: 0.071 | O40: 2017:Q2 | P40: 42940 | Q40: 0.66805556 | R40: 0.2505 | S40: 0.2505 | T40: 0.223 | V40: 2017:Q2 | W40: 42942 | X40: 0.67013889 | Y40: 1.32 | Z40: 1.32 | AA40: 1.131 | AC40: 2017:Q4 | AD40: 42936 | AE40: 0.67222222 | AF40: 0.9118 | AG40: 0.75 | AH40: 0.708 | AJ40: 2017:Q3 | AK40: 43024 | AL40: 0.67013889 | AM40: 0.029 | AN40: 0.029 | AO40: 0.032 | AQ40: 2018:Q2 | AR40: 42957 | AS40: 0.67986111 | AT40: 0.0232 | AU40: 0.0253 | AV40: 0.02 | BE40: 2017:Q2 | BF40: 42949 | BG40: 0.675 | BH40: -0.1327 | BI40: -0.0887 | BJ40: -0.124 | BL40: 2017:Q2 | BM40: 42928 | BN40: 0.78680556 | BO40: 12.6137 | BP40: 12.8 | BQ40: 13.194 | BS40: 2017:Q3 | BT40: 42971 | BU40: 0.67013889 | BV40: 0.1279 | BW40: 0.41 | BX40: 0.402 | BZ40: 2017:Q2 | CA40: 42941 | CB40: 0.67708333 | CC40: -0.0424 | CD40: 0.02 | CE40: 0.001 | CG40: 2017:Q3 | CH40: 42915 | CI40: 0.66666667 | CJ40: 1.5505 | CK40: 1.62 | CL40: 1.515 | CN40: 2017:Q2 | CO40: 42943 | CP40: 0.67013889 | CQ40: 0.086 | CR40: 0.0955 | CS40: 0.172 | DI40: 2017:Q2 | DJ40: 42948 | DK40: 0.29166667 | DL40: -0.015 | DM40: -0.001 | DN40: -0.007 | DP40: 2017:Q4 | DQ40: 42950 | DR40: 0.67013889 | DS40: 0.03 | DT40: 0.39 | DU40: 0.036 | DW40: 2018:Q1 | DX40: 42992 | DY40: 0.66736111 | DZ40: 0.5149 | EA40: 0.62 | EB40: 0.604 | ED40: 2018:Q2 | EE40: 42969 | EF40: 0.67013889 | EG40: 0.0671 | EH40: 0.33 | EI40: 0.316 | EK40: 2017:Q3 | EL40: 42997 | EM40: 0.67013889 | EN40: 0.8384 | EO40: 1.1 | EP40: 1.007 | ER40: 2017:Q2 | ES40: 42942 | ET40: 0.66736111 | EU40: -0.0649 | EV40: 0.044 | EW40: 0.04 | EY40: 2017:Q2 | EZ40: 42941 | FA40: 0.26736111 | FB40: 0.9813 | FC40: 1.11 | FD40: 1.049 | FF40: 2017:Q3 | FG40: 43024 | FH40: 0.96458333 | FI40: 2.51 | FJ40: 2.66 | FK40: 2.567 | FM40: 2018:Q4 | FN40: 43480 | FO40: 0.28263889 | FP40: 1.9758 | FQ40: 1.98 | FR40: 2.206 | FT40: 2017:Q4 | FU40: 43013 | FV40: 0.67708333 | FW40: 2.08 | FX40: 2.0837 | FY40: 2.017 | GA40: 2017:Q2 | GB40: 42944 | GC40: 0.33333333 | GD40: 0.78 | GE40: 0.7844 | GF40: 0.843
A41: 2017:Q2 | B41: 42857 | C41: 0.6875 | D41: 0.5244 | E41: 0.524 | F41: 0.506 | H41: 2017:Q1 | I41: 42852 | J41: 0.66736111 | K41: 0.074 | L41: 0.074 | M41: 0.054 | O41: 2017:Q1 | P41: 42852 | Q41: 0.66944444 | R41: 0.3865 | S41: 0.3865 | T41: 0.371 | V41: 2017:Q1 | W41: 42858 | X41: 0.67430556 | Y41: 1.04 | Z41: 1.04 | AA41: 0.869 | AC41: 2017:Q3 | AD41: 42852 | AE41: 0.67430556 | AF41: 0.6343 | AG41: 0.73 | AH41: 0.699 | AJ41: 2017:Q2 | AK41: 42933 | AL41: 0.67013889 | AM41: 0.015 | AN41: 0.015 | AO41: 0.016 | AQ41: 2018:Q1 | AR41: 42864 | AS41: 0.68055556 | AT41: 0.0199 | AU41: 0.0213 | AV41: 0.02 | BE41: 2017:Q1 | BF41: 42858 | BG41: 0.67291667 | BH41: -0.1203 | BI41: -0.0887 | BJ41: -0.055 | BL41: 2017:Q1 | BM41: 42838 | BN41: 0.60416667 | BO41: 16.8496 | BP41: 16.9 | BQ41: 16.996 | BS41: 2017:Q2 | BT41: 42887 | BU41: 0.66805556 | BV41: 0.1224 | BW41: 0.369 | BX41: 0.352 | BZ41: 2017:Q1 | CA41: 42856 | CB41: 0.67708333 | CC41: -0.0357 | CD41: -0.04 | CE41: -0.042 | CG41: 2017:Q2 | CH41: 42817 | CI41: 0.66875 | CJ41: 0.9422 | CK41: 0.9 | CL41: 0.864 | CN41: 2017:Q1 | CO41: 42852 | CP41: 0.67013889 | CQ41: 0.134 | CR41: 0.1457 | CS41: 0.175 | DI41: 2017:Q1 | DJ41: 42857 | DK41: 0.29166667 | DL41: -0.015 | DM41: -0.004 | DN41: -0.01 | DP41: 2017:Q3 | DQ41: 42852 | DR41: 0.68125 | DS41: 0.032 | DT41: 0.38 | DU41: 0.038 | DW41: 2017:Q4 | DX41: 42907 | DY41: 0.66666667 | DZ41: 0.778 | EA41: 0.89 | EB41: 0.784 | ED41: 2018:Q1 | EE41: 42873 | EF41: 0.67013889 | EG41: -0.0018 | EH41: 0.28 | EI41: 0.259 | EK41: 2017:Q2 | EL41: 42906 | EM41: 0.67013889 | EN41: 0.7465 | EO41: 1.02 | EP41: 0.946 | ER41: 2017:Q1 | ES41: 42851 | ET41: 0.66736111 | EU41: -0.0258 | EV41: 0.048 | EW41: 0.034 | EY41: 2017:Q1 | EZ41: 42850 | FA41: 0.26736111 | FB41: 0.8387 | FC41: 0.98 | FD41: 0.963 | FF41: 2017:Q2 | FG41: 42934 | FH41: 0.24652778 | FI41: 2.32 | FJ41: 2.46 | FK41: 2.379 | FM41: 2018:Q3 | FN41: 43385 | FO41: 0.28263889 | FP41: 2.3447 | FQ41: 2.3611 | FR41: 2.262 | FT41: 2017:Q3 | FU41: 42880 | FV41: 0.67708333 | FW41: 1.4041 | FX41: 1.4012 | FY41: 1.342 | GA41: 2017:Q1 | GB41: 42853 | GC41: 0.33333333 | GD41: 0.95 | GE41: 0.9464 | GF41: 0.86
A42: 2017:Q1 | B42: 42766 | C42: 0.6875 | D42: 0.8409 | E42: 0.8395 | F42: 0.806 | H42: 2016:Q4 | I42: 42768 | J42: 0.66736111 | K42: 0.0769 | L42: 0.077 | M42: 0.068 | O42: 2016:Q4 | P42: 42761 | Q42: 0.66875 | R42: 0.378 | S42: 0.378 | T42: 0.384 | V42: 2016:Q4 | W42: 42767 | X42: 0.66736111 | Y42: 1.21 | Z42: 1.21 | AA42: 1.043 | AC42: 2017:Q2 | AD42: 42761 | AE42: 0.67222222 | AF42: 0.7421 | AG42: 0.84 | AH42: 0.786 | AJ42: 2017:Q1 | AK42: 42842 | AL42: 0.67013889 | AM42: 0.04 | AN42: 0.04 | AO42: 0.037 | AQ42: 2017:Q4 | AR42: 42775 | AS42: 0.68055556 | AT42: 0.0249 | AU42: 0.0283 | AV42: 0.025 | BE42: 2016:Q4 | BF42: 42788 | BG42: 0.67916667 | BH42: -0.0773 | BI42: -0.046 | BJ42: -0.075 | BL42: 2016:A | BM42: 42747 | BO42: 64.8351 | BP42: 64.45 | BQ42: 63.76 | BS42: 2017:Q1 | BT42: 42795 | BU42: 0.66805556 | BV42: 0.1091 | BW42: 0.363 | BX42: 0.35 | BZ42: 2016:Q4 | CA42: 42766 | CB42: 0.67708333 | CC42: -0.05 | CD42: -0.01 | CE42: -0.012 | CG42: 2017:Q1 | CH42: 42725 | CI42: 0.66736111 | CJ42: 0.2385 | CK42: 0.32 | CL42: 0.269 | CN42: 2016:Q4 | CO42: 42766 | CP42: 0.66736111 | CQ42: 0.269 | CR42: 0.2884 | CS42: 0.293 | DI42: 2016:Q4 | DJ42: 42781 | DK42: 0.29166667 | DL42: -0.01 | DM42: 0 | DN42: -0.002 | DP42: 2017:Q2 | DQ42: 42761 | DR42: 0.67013889 | DS42: 0.043 | DT42: 0.048 | DU42: 0.046 | DW42: 2017:Q3 | DX42: 42809 | DY42: 0.66666667 | DZ42: 0.5614 | EA42: 0.69 | EB42: 0.618 | ED42: 2017:Q4 | EE42: 42794 | EF42: 0.67013889 | EG42: -0.0831 | EH42: 0.28 | EI42: 0.248 | EK42: 2017:Q1 | EL42: 42810 | EM42: 0.67013889 | EN42: 0.7973 | EO42: 0.94 | EP42: 0.872 | ER42: 2016:Q4 | ES42: 42760 | ET42: 0.66736111 | EU42: -0.04 | EV42: 0.048 | EW42: 0.046 | EY42: 2016:Q4 | EZ42: 42766 | FA42: 0.26736111 | FB42: 0.8401 | FC42: 0.95 | FD42: 0.978 | FF42: 2017:Q1 | FG42: 42843 | FH42: 0.24652778 | FI42: 2.23 | FJ42: 2.37 | FK42: 2.169 | FM42: 2018:Q2 | FN42: 43294 | FO42: 0.28194444 | FP42: 2.29 | FQ42: 2.3024 | FR42: 2.221 | FT42: 2017:Q2 | FU42: 42796 | FV42: 0.67708333 | FW42: 1.17 | FX42: 1.1687 | FY42: 1.351 | GA42: 2016:Q4 | GB42: 42766 | GC42: 0.33333333 | GD42: 0.9136 | GE42: 0.8877 | GF42: 0.704
A43: 2016:Q4 | B43: 42668 | C43: 0.6875 | D43: 0.4162 | E43: 0.4175 | F43: 0.415 | H43: 2016:Q3 | I43: 42670 | J43: 0.66736111 | K43: 0.026 | L43: 0.026 | M43: 0.038 | O43: 2016:Q3 | P43: 42670 | Q43: 0.66736111 | R43: 0.3625 | S43: 0.3623 | T43: 0.338 | V43: 2016:Q3 | W43: 42676 | X43: 0.66666667 | Y43: 0.9 | Z43: 0.82 | AA43: 0.717 | AC43: 2017:Q1 | AD43: 42663 | AE43: 0.67152778 | AF43: 0.6866 | AG43: 0.76 | AH43: 0.683 | AJ43: 2016:Q4 | AK43: 42753 | AL43: 0.67291667 | AM43: 0.015 | AN43: 0.015 | AO43: 0.013 | AQ43: 2017:Q3 | AR43: 42684 | AS43: 0.68055556 | AT43: 0.0209 | AU43: 0.0235 | AV43: 0.017 | BE43: 2016:Q3 | BF43: 42669 | BG43: Aft-mkt | BH43: 0.0095 | BI43: 0.0473 | BJ43: -0.036 | BL43: 2016:Q3 | BM43: 42656 | BN43: 0.70486111 | BO43: 18.531 | BP43: 18.65 | BQ43: 18.4 | BS43: 2016:Q4 | BT43: 42712 | BU43: 0.68125 | BV43: 0.0771 | BW43: 0.347 | BX43: 0.335 | BZ43: 2016:Q3 | CA43: 42663 | CB43: 0.67847222 | CC43: -0.0091 | CD43: 0.03 | CE43: 0.004 | CG43: 2016:Q4 | CH43: 42647 | CI43: 0.66875 | CJ43: -0.0642 | CK43: -0.05 | CL43: -0.084 | CN43: 2016:Q3 | CO43: 42670 | CP43: 0.66736111 | CQ43: 0.2311 | CR43: 0.2501 | CS43: 0.198 | DI43: 2016:Q3 | DJ43: 42676 | DK43: 0.29166667 | DL43: -0.011 | DM43: -0.002 | DN43: -0.003 | DP43: 2017:Q1 | DQ43: 42670 | DR43: 0.67013889 | DS43: 0.026 | DT43: 0.032 | DU43: 0.019 | DW43: 2017:Q2 | DX43: 42719 | DY43: 0.66666667 | DZ43: 0.5011 | EA43: 0.61 | EB43: 0.6 | ED43: 2017:Q3 | EE43: 42691 | EF43: 0.67013889 | EG43: -0.055 | EH43: 0.24 | EI43: 0.211 | EK43: 2016:Q4 | EL43: 42719 | EM43: 0.67013889 | EN43: 0.7985 | EO43: 0.9 | EP43: 0.862 | ER43: 2016:Q3 | ES43: 42669 | ET43: 0.66736111 | EU43: -0.044 | EV43: 0.046 | EW43: 0.042 | EY43: 2016:Q3 | EZ43: 42668 | FA43: 0.26736111 | FB43: 0.753 | FC43: 0.88 | FD43: 0.955 | FF43: 2016:Q4 | FG43: 42752 | FH43: 0.24652778 | FI43: 1.6898 | FJ43: 2.11 | FK43: 2.073 | FM43: 2018:Q1 | FN43: 43203 | FO43: 0.29166667 | FP43: 2.3859 | FQ43: 2.3131 | FR43: 2.277 | FT43: 2017:Q1 | FU43: 42711 | FV43: 0.67708333 | FW43: 1.17 | FX43: 1.1672 | FY43: 1.187 | GA43: 2016:Q3 | GB43: 42671 | GC43: 0.33333333 | GD43: 0.63 | GE43: 0.63 | GF43: 0.584
A44: 2016:Q3 | B44: 42577 | C44: 0.6875 | D44: 0.3544 | E44: 0.355 | F44: 0.348 | H44: 2016:Q2 | I44: 42579 | J44: 0.66736111 | K44: 0.089 | L44: 0.089 | M44: 0.056 | O44: 2016:Q2 | P44: 42579 | Q44: 0.66736111 | R44: 0.35 | S44: 0.3499 | T44: 0.322 | V44: 2016:Q2 | W44: 42578 | X44: 0.67013889 | Y44: 0.78 | Z44: 0.71 | AA44: 0.574 | AC44: 2016:Q4 | AD44: 42570 | AE44: 0.67222222 | AF44: 0.7729 | AG44: 0.69 | AH44: 0.582 | AJ44: 2016:Q3 | AK44: 42660 | AL44: 0.67013889 | AM44: 0.012 | AN44: 0.012 | AO44: 0.006 | AQ44: 2017:Q2 | AR44: 42593 | AS44: 0.68055556 | AT44: 0.0103 | AU44: 0.0133 | AV44: 0.012 | BE44: 2016:Q2 | BF44: 42585 | BG44: Aft-mkt | BH44: -0.1442 | BI44: -0.0707 | BJ44: -0.04 | BL44: 2016:Q2 | BM44: 42565 | BN44: 0.68402778 | BO44: 13.8206 | BP44: 14 | BQ44: 13.261 | BS44: 2016:Q3 | BT44: 42614 | BU44: 0.66805556 | BV44: -0.0012 | BW44: 0.289 | BX44: 0.28 | BZ44: 2016:Q2 | CA44: 42572 | CB44: 0.67708333 | CC44: -0.0783 | CD44: -0.05 | CE44: -0.084 | CG44: 2016:Q3 | CH44: 42551 | CI44: 0.66736111 | CJ44: -0.1767 | CK44: -0.08 | CL44: -0.096 | CN44: 2016:Q2 | CO44: 42579 | CP44: 0.67013889 | CQ44: 0.164 | CR44: 0.1841 | CS44: 0.225 | DI44: 2016:Q2 | DJ44: 42585 | DK44: 0.29166667 | DL44: -0.01 | DM44: -0.004 | DN44: -0.008 | DP44: 2016:Q4 | DQ44: 42586 | DR44: 0.67013889 | DS44: 0.013 | DT44: 0.02 | DU44: 0.016 | DW44: 2017:Q1 | DX44: 42628 | DY44: 0.66666667 | DZ44: 0.4477 | EA44: 0.55 | EB44: 0.579 | ED44: 2017:Q2 | EE44: 42613 | EF44: 0.67013889 | EG44: 0.33 | EH44: 0.24 | EI44: 0.22 | EK44: 2016:Q3 | EL44: 42633 | EM44: 0.67013889 | EN44: 0.5367 | EO44: 0.75 | EP44: 0.724 | ER44: 2016:Q2 | ES44: 42578 | ET44: 0.66736111 | EU44: -0.0599 | EV44: 0.03 | EW44: 0.018 | EY44: 2016:Q2 | EZ44: 42577 | FA44: 0.26736111 | FB44: 0.7495 | FC44: 0.86 | FD44: 0.858 | FF44: 2016:Q3 | FG44: 42661 | FH44: 0.24652778 | FI44: 2.03 | FJ44: 2.17 | FK44: 2.08 | FM44: 2017:Q4 | FN44: 43112 | FO44: 0.28125 | FP44: 1.5727 | FQ44: 1.7355 | FR44: 1.694 | FT44: 2016:Q4 | FU44: 42642 | FV44: 0.67708333 | FW44: 1.77 | FX44: 1.77 | FY44: 1.726 | GA44: 2016:Q2 | GB44: 42580 | GC44: 0.33333333 | GD44: 0.41 | GE44: 0.41 | GF44: 0.637
A45: 2016:Q2 | B45: 42486 | C45: 0.6875 | D45: 0.4772 | E45: 0.475 | F45: 0.501 | H45: 2016:Q1 | I45: 42488 | J45: 0.66736111 | K45: 0.0535 | L45: 0.0535 | M45: 0.028 | O45: 2016:Q1 | P45: 42481 | Q45: 0.66736111 | R45: 0.301 | S45: 0.301 | T45: 0.314 | V45: 2016:Q1 | W45: 42487 | X45: 0.66805556 | Y45: 0.6 | Z45: 0.52 | AA45: 0.404 | AC45: 2016:Q3 | AD45: 42481 | AE45: 0.67222222 | AF45: 0.54 | AG45: 0.62 | AH45: 0.638 | AJ45: 2016:Q2 | AK45: 42569 | AL45: 0.67013889 | AM45: 0.009 | AN45: 0.009 | AO45: 0.003 | AQ45: 2017:Q1 | AR45: 42502 | AS45: 0.68055556 | AT45: 0.0091 | AU45: 0.0115 | AV45: 0.01 | BE45: 2016:Q1 | BF45: 42494 | BG45: Aft-mkt | BH45: -0.1335 | BI45: -0.038 | BJ45: -0.04 | BL45: 2016:Q1 | BM45: 42474 | BN45: 0.70902778 | BO45: 12.6116 | BP45: 12.5 | BQ45: 12.708 | BS45: 2016:Q2 | BT45: 42523 | BU45: 0.66805556 | BV45: 0.0741 | BW45: 0.253 | BX45: 0.24 | BZ45: 2016:Q1 | CA45: 42481 | CB45: 0.67708333 | CC45: -0.1438 | CD45: -0.12 | CE45: -0.129 | CG45: 2016:Q2 | CH45: 42459 | CI45: 0.66944444 | CJ45: -0.0877 | CK45: -0.05 | CL45: -0.087 | CN45: 2016:Q1 | CO45: 42487 | CP45: 0.67013889 | CQ45: 0.1241 | CR45: 0.1245 | CS45: 0.205 | DI45: 2016:Q1 | DJ45: 42494 | DK45: Bef-mkt | DL45: -0.011 | DM45: -0.006 | DN45: -0.009 | DP45: 2016:Q3 | DQ45: 42488 | DR45: 0.67013889 | DS45: 0.032 | DT45: 0.036 | DU45: 0.034 | DW45: 2016:Q4 | DX45: 42537 | DY45: 0.66666667 | DZ45: 0.691 | EA45: 0.81 | EB45: 0.815 | ED45: 2017:Q1 | EE45: 42508 | EF45: 0.67013889 | EG45: 0.0458 | EH45: 0.24 | EI45: 0.232 | EK45: 2016:Q2 | EL45: 42542 | EM45: 0.67013889 | EN45: 0.4852 | EO45: 0.71 | EP45: 0.68 | ER45: 2016:Q1 | ES45: 42480 | ET45: 0.66666667 | EU45: -0.1951 | EV45: 0.018 | EW45: 0.014 | EY45: 2016:Q1 | EZ45: 42486 | FA45: 0.26736111 | FB45: 0.7179 | FC45: 0.83 | FD45: 0.846 | FF45: 2016:Q2 | FG45: 42570 | FH45: 0.24652778 | FI45: 1.7858 | FJ45: 1.96 | FK45: 1.887 | FM45: 2017:Q3 | FN45: 43020 | FO45: 0.28125 | FP45: 1.7405 | FQ45: 1.7466 | FR45: 1.653 | FT45: 2016:Q3 | FU45: 42515 | FV45: 0.875 | FW45: 1.24 | FX45: 1.24 | FY45: 1.22 | GA45: 2016:Q1 | GB45: 42489 | GC45: 0.33333333 | GD45: 0.43 | GE45: 0.43 | GF45: 0.288
A46: 2016:Q1 | B46: 42395 | C46: 0.6875 | D46: 0.8062 | E46: 0.82 | F46: 0.806 | H46: 2015:Q4 | I46: 42397 | J46: 0.66736111 | K46: 0.05 | L46: 0.05 | M46: 0.077 | O46: 2015:Q4 | P46: 42401 | Q46: 0.66736111 | R46: 0.3531 | S46: 0.3531 | T46: 0.328 | V46: 2015:Q4 | W46: 42396 | X46: 0.67013889 | Y46: 0.54 | Z46: 0.54 | AA46: 0.417 | AC46: 2016:Q2 | AD46: 42397 | AE46: 0.67222222 | AF46: 0.74 | AG46: 0.78 | AH46: 0.71 | AJ46: 2016:Q1 | AK46: 42478 | AL46: 0.67013889 | AM46: 0.006 | AN46: 0.006 | AO46: 0.004 | AQ46: 2016:Q4 | AR46: 42417 | AS46: 0.68055556 | AT46: 0.0105 | AU46: 0.013 | AV46: 0.011 | BE46: 2015:Q4 | BF46: 42410 | BG46: Aft-mkt | BH46: -0.1627 | BI46: -0.058 | BJ46: 0.006 | BL46: 2015:A | BM46: 42383 | BN46: 0.76388889 | BO46: 55.8478 | BP46: 59.1 | BQ46: 58.657 | BS46: 2016:Q1 | BT46: 42432 | BU46: 0.66736111 | BV46: 0.1734 | BW46: 0.241 | BX46: 0.231 | BZ46: 2015:Q4 | CA46: 42388 | CB46: 0.67708333 | CC46: -0.1212 | CD46: -0.1 | CE46: -0.104 | CG46: 2016:Q1 | CH46: 42360 | CI46: 0.67013889 | CJ46: 0.1694 | CK46: 0.24 | CL46: 0.233 | CN46: 2015:Q4 | CO46: 42396 | CP46: 0.67013889 | CQ46: 0.3381 | CR46: 0.3794 | CS46: 0.245 | DI46: 2015:Q4 | DJ46: 42417 | DK46: 0.29166667 | DL46: -0.008 | DM46: -0.001 | DN46: -0.005 | DP46: 2016:Q2 | DQ46: 42397 | DR46: 0.67013889 | DS46: 0.067 | DT46: 0.073 | DU46: 0.07 | DW46: 2016:Q3 | DX46: 42444 | DY46: 0.66666667 | DZ46: 0.5213 | EA46: 0.64 | EB46: 0.62 | ED46: 2016:Q4 | EE46: 42424 | EF46: 0.67013889 | EG46: -0.0377 | EH46: 0.19 | EI46: 0.191 | EK46: 2016:Q1 | EL46: 42446 | EM46: 0.67152778 | EN46: 0.5009 | EO46: 0.66 | EP46: 0.606 | ER46: 2015:Q4 | ES46: 42396 | ET46: 0.67013889 | EU46: -0.046 | EV46: 0.038 | EW46: 0.017 | EY46: 2015:Q4 | EZ46: 42397 | FA46: 0.26805556 | FB46: 0.6739 | FC46: 0.78 | FD46: 0.783 | FF46: 2016:Q1 | FG46: 42479 | FH46: 0.24652778 | FI46: 1.6465 | FJ46: 1.81 | FK46: 1.722 | FM46: 2017:Q2 | FN46: 42930 | FO46: 0.28888889 | FP46: 1.8229 | FQ46: 1.7126 | FR46: 1.583 | FT46: 2016:Q2 | FU46: 42431 | FV46: 0.875 | FW46: 1.24 | FX46: 1.24 | FY46: 1.28 | GA46: 2015:Q4 | GB46: 42402 | GC46: 0.33333333 | GD46: 0.67 | GE46: 0.67 | GF46: 0.638
A47: 2015:Q4 | B47: 42304 | C47: 0.6875 | D47: 0.4915 | E47: 0.49 | F47: 0.471 | H47: 2015:Q3 | I47: 42299 | J47: 0.66736111 | K47: 0.0085 | L47: 0.0085 | M47: -0.007 | O47: 2015:Q3 | P47: 42299 | Q47: 0.94930556 | R47: 0.2865 | S47: 0.2865 | T47: 0.291 | V47: 2015:Q3 | W47: 42312 | X47: 0.66875 | Y47: 0.31 | Z47: 0.31 | AA47: 0.266 | AC47: 2016:Q1 | AD47: 42299 | AE47: 0.67222222 | AF47: 0.63 | AG47: 0.67 | AH47: 0.587 | AJ47: 2015:Q4 | AK47: 42388 | AL47: 0.67013889 | AM47: 0.01 | AN47: 0.007 | AO47: 0.002 | AQ47: 2016:Q3 | AR47: 42313 | AS47: 0.68055556 | AT47: 0.0115 | AU47: 0.0115 | AV47: 0.009 | BE47: 2015:Q3 | BF47: 42311 | BG47: 0.67222222 | BH47: -0.1187 | BI47: -0.0387 | BJ47: -0.037 | BL47: 2015:Q3 | BM47: 42292 | BN47: 0.59513889 | BO47: 14.3191 | BP47: 14.55 | BQ47: 14.273 | BS47: 2015:Q4 | BT47: 42340 | BU47: 0.66736111 | BV47: 0.1772 | BW47: 0.251 | BX47: 0.239 | BZ47: 2015:Q3 | CA47: 42292 | CB47: 0.67708333 | CC47: -0.1898 | CD47: -0.09 | CE47: -0.12 | CG47: 2015:Q4 | CH47: 42278 | CI47: 0.66805556 | CJ47: 0.3874 | CK47: 0.37 | CL47: 0.331 | CN47: 2015:Q3 | CO47: 42303 | CP47: 0.67013889 | CQ47: 0.2065 | CR47: 0.2067 | CS47: 0.204 | DI47: 2015:Q3 | DJ47: 42312 | DK47: 0.29166667 | DL47: -0.006 | DM47: -0.003 | DN47: -0.006 | DP47: 2016:Q1 | DQ47: 42299 | DR47: 0.67013889 | DS47: 0.027 | DT47: 0.045 | DU47: 0.044 | DW47: 2016:Q2 | DX47: 42354 | DY47: 0.68680556 | DZ47: 0.5243 | EA47: 0.63 | EB47: 0.6 | ED47: 2016:Q3 | EE47: 42326 | EF47: 0.67013889 | EG47: -0.072 | EH47: 0.21 | EI47: 0.187 | EK47: 2015:Q4 | EL47: 42348 | EM47: 0.67013889 | EN47: 0.4012 | EO47: 0.62 | EP47: 0.6 | ER47: 2015:Q3 | ES47: 42298 | ET47: 0.67013889 | EU47: -0.052 | EV47: 0.03 | EW47: 0.015 | EY47: 2015:Q3 | EZ47: 42299 | FA47: 0.26736111 | FB47: 0.7811 | FC47: 0.89 | FD47: 0.76 | FF47: 2015:Q4 | FG47: 42388 | FH47: 0.24652778 | FI47: 1.2318 | FJ47: 1.4 | FK47: 1.382 | FM47: 2017:Q1 | FN47: 42838 | FO47: 0.27847222 | FP47: 1.689 | FQ47: 1.567 | FR47: 1.517 | FT47: 2016:Q1 | FU47: 42346 | FV47: 0.875 | FW47: 1.09 | FX47: 1.09 | FY47: 1.17 | GA47: 2015:Q3 | GB47: 42307 | GC47: 0.33333333 | GD47: 1.01 | GE47: 1.01 | GF47: 0.886
A48: 2015:Q3 | B48: 42206 | C48: 0.6875 | D48: 0.4626 | E48: 0.4625 | F48: 0.453 | H48: 2015:Q2 | I48: 42208 | J48: 0.67291667 | K48: 0.0095 | L48: 0.0095 | M48: -0.007 | O48: 2015:Q2 | P48: 42201 | Q48: 0.66736111 | R48: 0.2465 | S48: 0.2465 | T48: 0.27 | V48: 2015:Q2 | W48: 42214 | X48: 0.66736111 | Y48: 0.25 | Z48: 0.25 | AA48: 0.23 | AC48: 2015:Q4 | AD48: 42206 | AE48: 0.67152778 | AF48: 0.4898 | AG48: 0.62 | AH48: 0.58 | AJ48: 2015:Q3 | AK48: 42291 | AL48: 0.67013889 | AM48: 0.007 | AN48: 0.007 | AO48: 0.008 | AQ48: 2016:Q2 | AR48: 42222 | AS48: 0.68055556 | AT48: 0.0067 | AU48: 0.0085 | AV48: 0.005 | BE48: 2015:Q2 | BF48: 42221 | BG48: 0.68541667 | BH48: -0.0967 | BI48: -0.032 | BJ48: -0.04 | BL48: 2015:Q2 | BM48: 42201 | BN48: 0.75416667 | BO48: 12.0964 | BP48: 15.3 | BQ48: 13.712 | BS48: 2015:Q3 | BT48: 42242 | BU48: 0.66805556 | BV48: 0.1338 | BW48: 0.224 | BX48: 0.212 | BZ48: 2015:Q2 | CA48: 42201 | CB48: 0.67708333 | CC48: -0.1902 | CD48: -0.17 | CE48: -0.167 | CG48: 2015:Q3 | CH48: 42180 | CI48: 0.66944444 | CJ48: 0.4278 | CK48: 0.54 | CL48: 0.572 | CN48: 2015:Q2 | CO48: 42212 | CP48: 0.66736111 | CQ48: 0.1955 | CR48: 0.1957 | CS48: 0.145 | DI48: 2015:Q2 | DJ48: 42215 | DK48: 0.29166667 | DL48: -0.006 | DM48: -0.003 | DN48: -0.008 | DP48: 2015:Q4 | DQ48: 42220 | DR48: 0.67013889 | DS48: 0.051 | DT48: 0.057 | DU48: 0.056 | DW48: 2016:Q1 | DX48: 42263 | DY48: 0.66666667 | DZ48: 0.4189 | EA48: 0.53 | EB48: 0.522 | ED48: 2016:Q2 | EE48: 42236 | EF48: 0.67013889 | EG48: -0.0012 | EH48: 0.19 | EI48: 0.175 | EK48: 2015:Q3 | EL48: 42264 | EM48: 0.66875 | EN48: 0.341 | EO48: 0.54 | EP48: 0.497 | ER48: 2015:Q2 | ES48: 42214 | ET48: 0.67013889 | EU48: -0.08 | EV48: 0.008 | EW48: -0.005 | EY48: 2015:Q2 | EZ48: 42208 | FA48: 0.26736111 | FB48: 0.7682 | FC48: 0.9 | FD48: 0.736 | FF48: 2015:Q3 | FG48: 42292 | FH48: 0.24652778 | FI48: 1.6312 | FJ48: 1.65 | FK48: 1.64 | FM48: 2016:Q4 | FN48: 42748 | FO48: 0.33333333 | FP48: 1.751 | FQ48: 1.6206 | FR48: 1.427 | FT48: 2015:Q4 | FU48: 42276 | FV48: 0.875 | FW48: 1.73 | FX48: 1.73 | FY48: 1.659 | GA48: 2015:Q2 | GB48: 42216 | GC48: 0.33333333 | GD48: 1 | GE48: 1 | GF48: 1.113
A49: 2015:Q2 | B49: 42121 | C49: 0.6875 | D49: 0.5841 | E49: 0.5825 | F49: 0.541 | H49: 2015:Q1 | I49: 42117 | J49: 0.66736111 | K49: -0.006 | L49: -0.006 | M49: -0.007 | O49: 2015:Q1 | P49: 42117 | Q49: Aft-mkt | R49: 0.255 | S49: 0.26 | T49: 0.266 | V49: 2015:Q1 | W49: 42116 | X49: 0.66736111 | Y49: 0.18 | Z49: 0.18 | AA49: 0.171 | AC49: 2015:Q3 | AD49: 42117 | AE49: 0.67083333 | AF49: 0.6067 | AG49: 0.6152 | AH49: 0.528 | AJ49: 2015:Q2 | AK49: 42200 | AL49: 0.67013889 | AM49: 0.006 | AN49: 0.006 | AO49: 0.004 | AQ49: 2016:Q1 | AR49: 42131 | AS49: 0.68055556 | AT49: 0.0064 | AU49: 0.0083 | AV49: 0.009 | BE49: 2015:Q1 | BF49: 42130 | BG49: 0.69027778 | BH49: -0.0813 | BI49: -0.024 | BJ49: -0.033 | BL49: 2015:Q1 | BM49: 42104 | BN49: 0.67222222 | BO49: 15.1736 | BP49: 15.25 | BQ49: 14.968 | BS49: 2015:Q2 | BT49: 42152 | BU49: 0.29236111 | BV49: 0.1426 | BW49: 0.213 | BX49: 0.2 | BZ49: 2015:Q1 | CA49: 42110 | CB49: 0.67708333 | CC49: -0.1197 | CD49: -0.09 | CE49: -0.052 | CG49: 2015:Q2 | CH49: 42095 | CI49: 0.66805556 | CJ49: 0.7816 | CK49: 0.81 | CL49: 0.729 | CN49: 2015:Q1 | CO49: 42122 | CP49: 0.67013889 | CQ49: 0.1795 | CR49: 0.179 | CS49: 0.117 | DI49: 2015:Q1 | DJ49: 42130 | DL49: -0.012 | DM49: -2.4245363e-14 | DN49: -2.4245363e-14 | DP49: 2015:Q3 | DQ49: 42115 | DR49: 0.67013889 | DS49: 0.044 | DT49: 0.047 | DU49: 0.05 | DW49: 2015:Q4 | DX49: 42172 | DY49: 0.68541667 | DZ49: 0.6597 | EA49: 0.78 | EB49: 0.865 | ED49: 2016:Q1 | EE49: 42144 | EF49: 0.67013889 | EG49: -0.0335 | EH49: 0.16 | EI49: 0.138 | EK49: 2015:Q2 | EL49: 42171 | EM49: 0.66875 | EN49: 0.2897 | EO49: 0.48 | EP49: 0.453 | ER49: 2015:Q1 | ES49: 42110 | ET49: 0.67013889 | EU49: -0.076 | EV49: 0.002 | EW49: -0.001 | EY49: 2015:Q1 | EZ49: 42117 | FA49: 0.26736111 | FB49: 0.7629 | FC49: 0.87 | FD49: 0.765 | FF49: 2015:Q2 | FG49: 42201 | FH49: 0.25 | FI49: 1.5942 | FJ49: 1.64 | FK49: 1.585 | FM49: 2016:Q3 | FN49: 42657 | FO49: 0.27847222 | FP49: 1.5674 | FQ49: 1.59 | FR49: 1.39 | FT49: 2015:Q3 | FU49: 42151 | FV49: 0.875 | FW49: 1.17 | FX49: 1.17 | FY49: 1.156 | GA49: 2015:Q1 | GB49: 42124 | GC49: 0.33333333 | GD49: 1.17 | GE49: 1.17 | GF49: 0.829
A50: 2015:Q1 | B50: 42031 | C50: 0.6875 | D50: 0.7644 | E50: 0.765 | F50: 0.65 | H50: 2014:Q4 | I50: 42033 | J50: 0.66736111 | K50: 0.0225 | L50: 0.0225 | M50: 0.009 | O50: 2014:Q4 | P50: 42033 | Q50: Aft-mkt | R50: 0.269 | S50: 0.275 | T50: 0.285 | V50: 2014:Q4 | W50: 42032 | X50: 0.66736111 | Y50: 0.25 | Z50: 0.25 | AA50: 0.243 | AC50: 2015:Q2 | AD50: 42030 | AE50: 0.67430556 | AF50: 0.7452 | AG50: 0.77 | AH50: 0.748 | AJ50: 2015:Q1 | AK50: 42109 | AL50: 0.67361111 | AM50: 0.0054 | AN50: 0.0054 | AO50: 0.009 | AQ50: 2015:Q4 | AR50: 42046 | AS50: 0.68055556 | AT50: 0.0088 | AU50: 0.0108 | AV50: 0.009 | BE50: 2014:Q4 | BF50: 42046 | BG50: 0.72916667 | BH50: -0.0573 | BI50: -0.0087 | BJ50: 0.021 | BL50: 2014:A | BM50: 42019 | BN50: 0.60555556 | BO50: 50.9917 | BP50: 50.9 | BQ50: 50.347 | BS50: 2015:Q1 | BT50: 42060 | BU50: 0.67361111 | BV50: 0.1421 | BW50: 0.209 | BX50: 0.193 | BZ50: 2014:Q4 | CA50: 42024 | CB50: 0.67708333 | CC50: -0.1103 | CD50: 0 | CE50: 0.01 | CG50: 2015:Q1 | CH50: 42010 | CI50: 0.66736111 | CJ50: 0.8842 | CK50: 0.97 | CL50: 0.921 | CN50: 2014:Q4 | CO50: 42030 | CP50: 0.66736111 | CQ50: 0.217 | CR50: 0.199 | CS50: 0.101 | DI50: 2014:Q3 | DJ50: 42130 | DL50: -0.011 | DM50: -2.4245363e-14 | DN50: -2.4245363e-14 | DP50: 2015:Q2 | DQ50: 42024 | DR50: 0.67013889 | DS50: 0.061 | DT50: 0.065 | DU50: 0.047 | DW50: 2015:Q3 | DX50: 42080 | DY50: 0.66666667 | DZ50: 0.5687 | EA50: 0.68 | EB50: 0.681 | ED50: 2015:Q4 | EE50: 42060 | EF50: 0.67013889 | EG50: -0.1028 | EH50: 0.14 | EI50: 0.136 | EK50: 2015:Q1 | EL50: 42080 | EM50: 0.67013889 | EN50: 0.1707 | EO50: 0.44 | EP50: 0.385 | ER50: 2014:Q4 | ES50: 42032 | ET50: 0.67013889 | EU50: -0.06 | EV50: 0.006 | EW50: 0.004 | EY50: 2014:Q4 | EZ50: 42034 | FA50: 0.26736111 | FB50: 0.658 | FC50: 0.75 | FD50: 0.733 | FF50: 2015:Q1 | FG50: 42110 | FH50: 0.25 | FI50: 1.458 | FJ50: 1.46 | FK50: 1.348 | FM50: 2016:Q2 | FN50: 42565 | FO50: 0.28125 | FP50: 1.4395 | FQ50: 1.4269 | FR50: 1.431 | FT50: 2015:Q2 | FU50: 42068 | FV50: 0.12569444 | FW50: 1.2213 | FX50: 1.2502 | FY50: 1.182 | GA50: 2014:Q4 | GB50: 42037 | GC50: 0.33333333 | GD50: 1.4878 | GE50: 1.56 | GF50: 1.339
A51: 2014:Q4 | B51: 41932 | C51: 0.6875 | D51: 0.3529 | E51: 0.355 | F51: 0.326 | H51: 2014:Q3 | I51: 41935 | J51: 0.66736111 | K51: -0.0475 | L51: -0.0475 | M51: -0.038 | O51: 2014:Q3 | P51: 41928 | Q51: Aft-mkt | R51: 0.1968 | S51: 0.218 | T51: 0.27 | V51: 2014:Q3 | W51: 41940 | X51: 0.66736111 | Y51: 0.3 | Z51: 0.3 | AA51: 0.306 | AC51: 2015:Q1 | AD51: 41935 | AE51: 0.82638889 | AF51: 0.6427 | AG51: 0.65 | AH51: 0.551 | AJ51: 2014:Q4 | AK51: 42024 | AL51: 0.67013889 | AM51: 0.0193 | AN51: 0.0103 | AO51: 0.006 | AQ51: 2015:Q3 | AR51: 41949 | AS51: 0.68055556 | AT51: 0.0078 | AU51: 0.0098 | AV51: 0.009 | BE51: 2014:Q3 | BF51: 41948 | BG51: Aft-mkt | BH51: -0.04 | BI51: 0.0013 | BJ51: 0 | BL51: 2014:Q3 | BM51: 41928 | BN51: 0.67569444 | BO51: 14.9086 | BP51: 14.7 | BQ51: 13.83 | BS51: 2014:Q4 | BT51: 41976 | BU51: 0.67013889 | BV51: 0.0636 | BW51: 0.199 | BX51: 0.17 | BZ51: 2014:Q3 | CA51: 41928 | CB51: 0.67708333 | CC51: 0.02 | CD51: 0.03 | CE51: 0.04 | CG51: 2014:Q4 | CH51: 41907 | CI51: 0.66666667 | CJ51: 0.9162 | CK51: 0.82 | CL51: 0.81 | CN51: 2014:Q3 | CO51: 41939 | CP51: 0.67013889 | CQ51: 0.0591 | CR51: -0.007 | CS51: -0.011 | DI51: 2014:Q2 | DJ51: 42130 | DL51: -0.018 | DM51: -2.4245363e-14 | DN51: -2.4245363e-14 | DP51: 2015:Q1 | DQ51: 41933 | DR51: 0.67013889 | DS51: 0.042 | DT51: 0.046 | DU51: 0.038 | DW51: 2015:Q2 | DX51: 41990 | DY51: 0.66666667 | DZ51: 0.565 | EA51: 0.69 | EB51: 0.683 | ED51: 2015:Q3 | EE51: 41962 | EF51: 0.67013889 | EG51: -0.0796 | EH51: 0.14 | EI51: 0.128 | EK51: 2014:Q4 | EL51: 41984 | EM51: 0.67013889 | EN51: 0.1696 | EO51: 0.36 | EP51: 0.296 | ER51: 2014:Q3 | ES51: 41934 | ET51: 0.67013889 | EU51: -0.0557 | EV51: 0.006 | EW51: 0.003 | EY51: 2014:Q3 | EZ51: 41935 | FA51: 0.27083333 | FB51: 0.6032 | FC51: 0.66 | FD51: 0.665 | FF51: 2014:Q4 | FG51: 42025 | FH51: 0.25 | FI51: 1.5313 | FJ51: 1.55 | FK51: 1.5 | FM51: 2016:Q1 | FN51: 42473 | FO51: 0.28125 | FP51: 1.342 | FQ51: 1.4091 | FR51: 1.254 | FT51: 2015:Q1 | FU51: 41983 | FV51: 0.12569444 | FW51: 1.12 | FX51: 1.12 | FY51: 1.091 | GA51: 2014:Q3 | GB51: 41943 | GC51: 0.33541667 | GD51: 1.89 | GE51: 1.89 | GF51: 1.708
A52: 2014:Q3 | B52: 41842 | C52: 0.6875 | D52: 0.3187 | E52: 0.32 | F52: 0.309 | H52: 2014:Q2 | I52: 41844 | J52: 0.67916667 | K52: -0.0135 | L52: -0.0135 | M52: -0.008 | O52: 2014:Q2 | P52: 41837 | Q52: Aft-mkt | R52: 0.249 | S52: 0.2545 | T52: 0.253 | V52: 2014:Q2 | W52: 41843 | X52: 0.67013889 | Y52: 0.3 | Z52: 0.3 | AA52: 0.245 | AC52: 2014:Q4 | AD52: 41842 | AE52: 0.66805556 | AF52: 0.573 | AG52: 0.58 | AH52: 0.604 | AJ52: 2014:Q3 | AK52: 41927 | AL52: 0.67013889 | AM52: 0.0137 | AN52: 0.0137 | AO52: 0.013 | AQ52: 2015:Q2 | AR52: 41858 | AS52: 0.68055556 | AT52: 0.0056 | AU52: 0.0075 | AV52: 0.007 | BE52: 2014:Q2 | BF52: 41851 | BG52: 0.67638889 | BH52: -0.0333 | BI52: 0.0073 | BJ52: 0.003 | BL52: 2014:Q2 | BM52: 41836 | BN52: 0.70625 | BO52: 11.084 | BP52: 11.5 | BQ52: 10.848 | BS52: 2014:Q3 | BT52: 41879 | BU52: 0.66805556 | BV52: 0.0091 | BW52: 0.126 | BX52: 0.104 | BZ52: 2014:Q2 | CA52: 41837 | CB52: 0.67708333 | CC52: -0.0083 | CD52: 0.02 | CE52: 0.027 | CG52: 2014:Q3 | CH52: 41813 | CI52: 0.67638889 | CJ52: 0.7002 | CK52: 0.79 | CL52: 0.723 | CN52: 2014:Q2 | CO52: 41848 | CP52: 0.67013889 | CQ52: -0.0897 | CR52: -0.091 | CS52: -0.008 | DI52: 2014:Q1 | DJ52: 42130 | DL52: -0.016 | DM52: -2.4245363e-14 | DN52: -2.4245363e-14 | DP52: 2014:Q4 | DQ52: 41856 | DR52: 0.67013889 | DS52: 0.034 | DT52: 0.04 | DU52: 0.039 | DW52: 2015:Q1 | DX52: 41900 | DY52: 0.66736111 | DZ52: 0.495 | EA52: 0.62 | EB52: 0.639 | ED52: 2015:Q2 | EE52: 41872 | EF52: 0.67013889 | EG52: -0.0996 | EH52: 0.13 | EI52: 0.119 | EK52: 2014:Q3 | EL52: 41898 | EM52: 0.66805556 | EN52: 0.0889 | EO52: 0.28 | EP52: 0.264 | ER52: 2014:Q2 | ES52: 41850 | ET52: 0.67013889 | EU52: -0.0693 | EV52: -0.014 | EW52: -0.014 | EY52: 2014:Q2 | EZ52: 41844 | FA52: 0.27083333 | FB52: 0.64 | FC52: 0.68 | FD52: 0.652 | FF52: 2014:Q3 | FG52: 41928 | FH52: 0.25 | FI52: 1.6101 | FJ52: 1.63 | FK52: 1.533 | FM52: 2015:Q4 | FN52: 42383 | FO52: 0.28125 | FP52: 1.2526 | FQ52: 1.401 | FR52: 1.27 | FT52: 2014:Q4 | FU52: 41920 | FV52: 0.12569444 | FW52: 1.58 | FX52: 1.58 | FY52: 1.523 | GA52: 2014:Q2 | GB52: 41851 | GC52: 0.33541667 | GD52: 2.05 | GE52: 2.05 | GF52: 1.862
A53: 2014:Q2 | B53: 41752 | C53: 0.6875 | D53: 0.4134 | E53: 0.415 | F53: 0.364 | H53: 2014:Q1 | I53: 41753 | J53: 0.67013889 | K53: 0.0115 | L53: 0.0115 | M53: 0.011 | O53: 2014:Q1 | P53: 41745 | Q53: Aft-mkt | R53: 0.2665 | S53: 0.2665 | T53: 0.268 | V53: 2014:Q1 | W53: 41752 | X53: 0.66736111 | Y53: 0.25 | Z53: 0.25 | AA53: 0.17 | AC53: 2014:Q3 | AD53: 41753 | AE53: 0.66875 | AF53: 0.673 | AG53: 0.68 | AH53: 0.63 | AJ53: 2014:Q2 | AK53: 41841 | AL53: 0.67013889 | AM53: 0.0164 | AN53: 0.0164 | AO53: 0.016 | AQ53: 2015:Q1 | AR53: 41765 | AS53: 0.375 | AT53: 0.0054 | AU53: 0.0073 | AV53: 0.005 | BE53: 2014:Q1 | BF53: 41766 | BG53: 0.67430556 | BH53: -0.0267 | BI53: 0.008 | BJ53: 0.005 | BL53: 2014:Q1 | BM53: 41746 | BN53: 0.71527778 | BO53: 9.2068 | BP53: 9.25 | BQ53: 8.625 | BS53: 2014:Q2 | BT53: 41788 | BU53: 0.67013889 | BV53: 0.0678 | BW53: 0.085 | BX53: 0.077 | BZ53: 2014:Q1 | CA53: 41746 | CB53: 0.67708333 | CC53: -0.0052 | CD53: 0.02 | CE53: 0.004 | CG53: 2014:Q2 | CH53: 41732 | CI53: 0.66805556 | CJ53: 0.6782 | CK53: 0.85 | CL53: 0.753 | CN53: 2014:Q1 | CO53: 41757 | CP53: 0.33333333 | CQ53: -0.0569 | CR53: -0.057 | CS53: 0.01 | DI53: 2013:Q3 | DJ53: 42130 | DL53: -0.004 | DM53: -2.4245363e-14 | DN53: -2.4245363e-14 | DP53: 2014:Q3 | DQ53: 41751 | DR53: 0.67013889 | DS53: 0.035 | DT53: 0.04 | DU53: 0.027 | DW53: 2014:Q4 | DX53: 41809 | DY53: 0.66736111 | DZ53: 0.8079 | EA53: 0.92 | EB53: 0.955 | ED53: 2015:Q1 | EE53: 41779 | EF53: 0.67013889 | EG53: -0.1481 | EH53: 0.11 | EI53: 0.098 | EK53: 2014:Q2 | EL53: 41807 | EM53: 0.67708333 | EN53: 0.1685 | EO53: 0.37 | EP53: 0.299 | ER53: 2014:Q1 | ES53: 41752 | ET53: 0.66736111 | EU53: -0.06 | EV53: -0.016 | EW53: -0.016 | EY53: 2014:Q1 | EZ53: 41753 | FA53: 0.27083333 | FB53: 0.6527 | FC53: 0.7 | FD53: 0.704 | FF53: 2014:Q2 | FG53: 41837 | FH53: 0.25 | FI53: 1.3498 | FJ53: 1.42 | FK53: 1.256 | FM53: 2015:Q3 | FN53: 42290 | FO53: 0.67708333 | FP53: 1.915 | FQ53: 1.2897 | FR53: 1.375 | FT53: 2014:Q3 | FU53: 41788 | FV53: 0.12569444 | FW53: 1.07 | FX53: 1.0684 | FY53: 1.096 | GA53: 2014:Q1 | GB53: 41760 | GC53: 0.3375 | GD53: 2.1 | GE53: 2.1 | GF53: 1.877
A54: 2014:Q1 | B54: 41666 | C54: 0.6875 | D54: 0.5174 | E54: 0.5179 | F54: 0.502 | H54: 2013:Q4 | I54: 41669 | J54: 0.67013889 | K54: 0.0255 | L54: 0.0255 | M54: 0.035 | O54: 2013:Q4 | P54: 41669 | Q54: Aft-mkt | R54: 0.2845 | S54: 0.2478 | T54: 0.254 | V54: 2013:Q4 | W54: 41668 | X54: 0.67291667 | Y54: 0.2 | Z54: 0.2 | AA54: 0.198 | AC54: 2014:Q2 | AD54: 41662 | AE54: 0.72916667 | AF54: 0.7746 | AG54: 0.78 | AH54: 0.684 | AJ54: 2014:Q1 | AK54: 41750 | AL54: 0.67013889 | AM54: 0.0123 | AN54: 0.0123 | AO54: 0.012 | AQ54: 2014:Q4 | AR54: 41682 | AS54: 0.68055556 | AT54: 0.0059 | AU54: 0.008 | AV54: 0.006 | BE54: 2013:Q4 | BF54: 41689 | BG54: Aft-mkt | BH54: -0.0087 | BI54: 0.022 | BJ54: 0.017 | BL54: 2013:A | BM54: 41655 | BN54: 0.68333333 | BO54: 35.9013 | BP54: 36.3 | BQ54: 35.759 | BS54: 2014:Q1 | BT54: 41695 | BU54: 0.67013889 | BV54: 0.0671 | BW54: 0.062 | BX54: 0.079 | BZ54: 2013:Q4 | CA54: 41660 | CB54: 0.6875 | CC54: 0.077 | CD54: -2.4245363e-14 | CE54: 0.056 | CG54: 2014:Q1 | CH54: 41646 | CI54: 0.67152778 | CJ54: 0.4701 | CK54: 0.77 | CL54: 0.511 | CN54: 2013:Q4 | CO54: 41666 | CP54: 0.85972222 | CQ54: 0.143 | CR54: 0.143 | CS54: 0.112 | DI54: 2005:Q1 | DJ54: 38469 | DL54: -2.4245363e-14 | DM54: -2.4245363e-14 | DN54: -2.4245363e-14 | DP54: 2014:Q2 | DQ54: 41660 | DR54: 0.67013889 | DS54: 0.03 | DT54: 0.035 | DU54: 0.026 | DW54: 2014:Q3 | DX54: 41716 | DY54: 0.67013889 | DZ54: 0.5649 | EA54: 0.68 | EB54: 0.701 | ED54: 2014:Q4 | EE54: 41697 | EF54: 0.67013889 | EG54: -0.1919 | EH54: 0.07 | EI54: 0.061 | EK54: 2014:Q1 | EL54: 41716 | EM54: 0.67013889 | EN54: 0.0917 | EO54: 0.3 | EP54: 0.252 | ER54: 2013:Q4 | ES54: 41668 | ET54: 0.66736111 | EU54: -0.034 | EV54: -0.004 | EW54: -0.003 | EY54: 2013:Q4 | EZ54: 41669 | FA54: 0.27083333 | FB54: 0.7353 | FC54: 0.74 | FD54: 0.733 | FF54: 2014:Q1 | FG54: 41746 | FH54: 0.25 | FI54: 1.07 | FJ54: 1.1 | FK54: 1.089 | FM54: 2015:Q2 | FN54: 42199 | FO54: 0.29097222 | FP54: 1.5905 | FQ54: 1.4957 | FR54: 1.445 | FT54: 2014:Q2 | FU54: 41704 | FV54: 0.12569444 | FW54: 1.05 | FX54: 1.05 | FY54: 1.167 | GA54: 2013:Q4 | GB54: 41669 | GC54: 0.33541667 | GD54: 1.91 | GE54: -2.4245363e-14 | GF54: 1.908
A55: 2013:Q4 | B55: 41575 | C55: 0.6875 | D55: 0.295 | E55: 0.295 | F55: 0.283 | H55: 2013:Q3 | I55: 41571 | J55: 0.67013889 | K55: -0.0045 | L55: -0.0045 | M55: -0.005 | O55: 2013:Q3 | P55: 41564 | Q55: Aft-mkt | R55: 0.233 | S55: 0.2178 | T55: 0.212 | V55: 2013:Q3 | W55: 41577 | X55: 0.67013889 | Y55: 0.17 | Z55: 0.17 | AA55: 0.125 | AC55: 2014:Q1 | AD55: 41571 | AE55: 0.66875 | AF55: 0.6205 | AG55: 0.62 | AH55: 0.542 | AJ55: 2013:Q4 | AK55: 41661 | AL55: 0.67013889 | AM55: 0.0113 | AN55: 0.0113 | AO55: 0.009 | AQ55: 2014:Q3 | AR55: 41585 | AS55: 0.68055556 | AT55: 0.0051 | AU55: 0.0065 | AV55: 0.006 | BE55: 2013:Q3 | BF55: 41583 | BG55: 0.66736111 | BH55: -0.0213 | BI55: 0.008 | BJ55: 0.006 | BL55: 2013:Q3 | BM55: 41564 | BN55: 0.69652778 | BO55: 10.1376 | BP55: 10 | BQ55: 9.988 | BS55: 2013:Q4 | BT55: 41612 | BU55: 0.67013889 | BV55: 0.0708 | BW55: 0.089 | BX55: 0.081 | BZ55: 2013:Q3 | CA55: 41564 | CB55: 0.67708333 | CC55: 0.0413 | CD55: 0.04 | CE55: 0.022 | CG55: 2013:Q4 | CH55: 41557 | CI55: 0.67222222 | CJ55: 0.2294 | CK55: 0.21 | CL55: 0.282 | CN55: 2013:Q3 | CO55: 41575 | CP55: 0.83680556 | CQ55: 0.152 | CR55: 0.152 | CS55: 0.02 | DP55: 2014:Q1 | DQ55: 41569 | DR55: 0.67013889 | DS55: 0.017 | DT55: 0.022 | DU55: 0.022 | DW55: 2014:Q2 | DX55: 41626 | DY55: 0.66944444 | DZ55: 0.5708 | EA55: 0.69 | EB55: 0.672 | ED55: 2014:Q3 | EE55: 41596 | EF55: 0.67013889 | EG55: -0.2098 | EH55: 0.09 | EI55: 0.087 | EK55: 2013:Q4 | EL55: 41620 | EM55: 0.67013889 | EN55: 0.1313 | EO55: 0.3178 | EP55: 0.333 | ER55: 2013:Q3 | ES55: 41570 | ET55: 0.66736111 | EU55: -0.022 | EV55: 0.002 | EW55: -0.004 | EY55: 2013:Q3 | EZ55: 41570 | FA55: 0.27083333 | FB55: 1.1104 | FC55: 1.11 | FD55: 1.038 | FF55: 2013:Q4 | FG55: 41655 | FH55: 0.25 | FI55: 1.3791 | FJ55: 1.41 | FK55: 1.405 | FM55: 2015:Q1 | FN55: 42108 | FO55: 0.29097222 | FP55: 1.5796 | FQ55: 1.6073 | FR55: 1.412 | FT55: 2014:Q1 | FU55: 41619 | FV55: 0.12569444 | FW55: 0.96 | FX55: 0.96 | FY55: 1.024 | GA55: 2013:Q3 | GB55: 41578 | GC55: 0.33611111 | GD55: 1.79 | GE55: 1.79 | GF55: 1.765
A56: 2013:Q3 | B56: 41478 | C56: 0.6875 | D56: 0.2668 | E56: 0.2668 | F56: 0.262 | H56: 2013:Q2 | I56: 41480 | J56: 0.66736111 | K56: -0.001 | L56: -0.001 | M56: 0.003 | O56: 2013:Q2 | P56: 41473 | Q56: Aft-mkt | R56: 0.205 | S56: 0.1888 | T56: 0.226 | V56: 2013:Q2 | W56: 41479 | X56: 0.67013889 | Y56: 0.13 | Z56: 0.13 | AA56: 0.088 | AC56: 2013:Q4 | AD56: 41473 | AE56: 0.66736111 | AF56: 0.5876 | AG56: 0.6581 | AH56: 0.747 | AJ56: 2013:Q3 | AK56: 41568 | AL56: 0.67013889 | AM56: 0.0074 | AN56: 0.0074 | AO56: 0.007 | AQ56: 2014:Q2 | AR56: 41494 | AS56: 0.68055556 | AT56: 0.0042 | AU56: 0.0058 | AV56: 0.005 | BE56: 2013:Q2 | BF56: 41493 | BG56: 0.67083333 | BH56: -0.0081 | BI56: -2.4245363e-14 | BJ56: -0.013 | BL56: 2013:Q2 | BM56: 41473 | BN56: 0.67708333 | BO56: 9.9159 | BP56: 10 | BQ56: 9.552 | BS56: 2013:Q3 | BT56: 41513 | BU56: 0.67013889 | BV56: 0.0604 | BW56: 0.074 | BX56: 0.066 | BZ56: 2013:Q2 | CA56: 41473 | CB56: 0.67708333 | CC56: -0.0957 | CD56: -0.09 | CE56: -0.124 | CG56: 2013:Q3 | CH56: 41444 | CI56: 0.66944444 | CJ56: 0.1058 | CK56: 0.04 | CL56: 0.036 | CN56: 2013:Q2 | CO56: 41484 | CP56: 0.83680556 | CQ56: -0.014 | CR56: -0.014 | CS56: 0.037 | DP56: 2013:Q4 | DQ56: 41492 | DR56: 0.67013889 | DS56: 0.019 | DT56: 0.026 | DU56: 0.021 | DW56: 2014:Q1 | DX56: 41535 | DY56: 0.66736111 | DZ56: 0.4812 | EA56: 0.59 | EB56: 0.561 | ED56: 2014:Q2 | EE56: 41515 | EF56: 0.67013889 | EG56: 0.1189 | EH56: 0.09 | EI56: 0.069 | EK56: 2013:Q3 | EL56: 41534 | EM56: 0.67013889 | EN56: 0.1616 | EO56: 0.32 | EP56: 0.349 | ER56: 2013:Q2 | ES56: 41486 | ET56: 0.66736111 | EU56: -0.0314 | EV56: -0.012 | EW56: -0.01 | EY56: 2013:Q2 | EZ56: 41479 | FA56: 0.27083333 | FB56: 1.1363 | FC56: 1.16 | FD56: 1.013 | FF56: 2013:Q3 | FG56: 41564 | FH56: 0.25 | FI56: 1.5497 | FJ56: 1.53 | FK56: 1.526 | FM56: 2014:Q4 | FN56: 42018 | FO56: 0.29097222 | FP56: 1.4612 | FQ56: 1.33 | FR56: 1.316 | FT56: 2013:Q4 | FU56: 41556 | FV56: 0.12569444 | FW56: 1.4 | FX56: 1.4 | FY56: 1.462 | GA56: 2013:Q2 | GB56: 41487 | GC56: 0.33611111 | GD56: 1.55 | GE56: 1.55 | GF56: 1.891
A57: 2013:Q2 | B57: 41387 | C57: 0.6875 | D57: 0.3604 | E57: 0.3604 | F57: 0.357 | H57: 2013:Q1 | I57: 41389 | J57: 0.66666667 | K57: 0.009 | L57: 0.009 | M57: 0.005 | O57: 2013:Q1 | P57: 41382 | Q57: Aft-mkt | R57: 0.262 | S57: 0.2468 | T57: 0.22 | V57: 2013:Q1 | W57: 41395 | X57: 0.67013889 | Y57: 0.09 | Z57: 0.09 | AA57: 0.077 | AC57: 2013:Q3 | AD57: 41382 | AE57: 0.66736111 | AF57: 0.7721 | AG57: 0.72 | AH57: 0.678 | AJ57: 2013:Q2 | AK57: 41477 | AL57: 0.67013889 | AM57: 0.007 | AN57: 0.007 | AO57: 0.006 | AQ57: 2014:Q1 | AR57: 41403 | AS57: 0.68055556 | AT57: 0.0033 | AU57: 0.0045 | AV57: 0.004 | BE57: 2013:Q1 | BF57: 41402 | BG57: Aft-mkt | BH57: 0 | BI57: -2.4245363e-14 | BJ57: 0.002 | BL57: 2013:Q1 | BM57: 41382 | BN57: 0.78819444 | BO57: 7.454 | BP57: 7.65 | BQ57: 7.268 | BS57: 2013:Q2 | BT57: 41423 | BU57: 0.67013889 | BV57: 0.0462 | BW57: 0.061 | BX57: 0.058 | BZ57: 2013:Q1 | CA57: 41382 | CB57: 0.67708333 | CC57: -0.1541 | CD57: -2.4245363e-14 | CE57: -0.174 | CG57: 2013:Q2 | CH57: 41354 | CI57: 0.67013889 | CJ57: -0.2297 | CK57: -0.28 | CL57: -0.21 | CN57: 2013:Q1 | CO57: 41393 | CP57: 0.86458333 | CQ57: -0.046 | CR57: -0.046 | CS57: 0.03 | DP57: 2013:Q3 | DQ57: 41387 | DR57: 0.67013889 | DS57: 0.016 | DT57: 0.024 | DU57: 0.02 | DW57: 2013:Q4 | DX57: 41445 | DY57: 0.66736111 | DZ57: 0.7749 | EA57: 0.87 | EB57: 0.874 | ED57: 2014:Q1 | EE57: 41417 | EF57: 0.67013889 | EG57: -0.12 | EH57: 0.1 | EI57: 0.105 | EK57: 2013:Q2 | EL57: 41443 | EM57: 0.67013889 | EN57: 0.1933 | EO57: 0.36 | EP57: 0.347 | ER57: 2013:Q1 | ES57: 41388 | ET57: 0.66805556 | EU57: -0.02 | EV57: -0.002 | EW57: -0.007 | EY57: 2013:Q1 | EZ57: 41388 | FA57: 0.27083333 | FB57: 1.1355 | FC57: 1.14 | FD57: 1.048 | FF57: 2013:Q2 | FG57: 41473 | FH57: 0.25 | FI57: 1.369 | FJ57: 1.4 | FK57: 1.25 | FM57: 2014:Q3 | FN57: 41926 | FO57: 0.28125 | FP57: 1.4747 | FQ57: 1.62 | FR57: 1.386 | FT57: 2013:Q3 | FU57: 41424 | FV57: 0.12569444 | FW57: 1.04 | FX57: 1.04 | FY57: 1.027 | GA57: 2013:Q1 | GB57: 41389 | GC57: 0.33472222 | GD57: 2.12 | GE57: 2.12 | GF57: 2.045
A58: 2013:Q1 | B58: 41297 | C58: 0.6875 | D58: 0.4932 | E58: 0.4932 | F58: 0.484 | H58: 2012:Q4 | I58: 41303 | J58: 0.66666667 | K58: 0.0105 | L58: 0.0105 | M58: 0.014 | O58: 2012:Q4 | P58: 41296 | Q58: Aft-mkt | R58: 0.217 | S58: 0.2155 | T58: 0.211 | V58: 2012:Q4 | W58: 41304 | X58: 0.67222222 | Y58: 0.03 | Z58: 0.03 | AA58: 0.024 | AC58: 2013:Q2 | AD58: 41298 | AE58: 0.66805556 | AF58: 0.7565 | AG58: 0.76 | AH58: 0.744 | AJ58: 2013:Q1 | AK58: 41386 | AL58: 0.67013889 | AM58: 0.0007 | AN58: 0.0044 | AO58: 0.003 | AQ58: 2013:Q4 | AR58: 41318 | AS58: 0.68055556 | AT58: 0.0072 | AU58: 0.0088 | AV58: 0.008 | BE58: 2012:Q4 | BF58: 41325 | BG58: 0.66875 | BH58: -0.0527 | BI58: -2.4245363e-14 | BJ58: -0.039 | BL58: 2012:A | BM58: 41291 | BN58: 0.56944444 | BO58: 32.631 | BP58: 32.1 | BQ58: 31.949 | BS58: 2013:Q1 | BT58: 41331 | BU58: 0.67013889 | BV58: 0.0548 | BW58: 0.065 | BX58: 0.06 | BZ58: 2012:Q4 | CA58: 41296 | CB58: 0.67708333 | CC58: -0.5514 | CD58: -2.4245363e-14 | CE58: -0.18 | CG58: 2013:Q1 | CH58: 41263 | CI58: 0.67152778 | CJ58: -0.2703 | CK58: -0.29 | CL58: -0.209 | CN58: 2012:Q4 | CO58: 41302 | CP58: 0.83680556 | CQ58: 0.074 | CR58: 0.073 | CS58: 0.098 | DP58: 2013:Q2 | DQ58: 41296 | DR58: 0.67013889 | DS58: 0.011 | DT58: 0.018 | DU58: 0.014 | DW58: 2013:Q3 | DX58: 41353 | DY58: 0.66736111 | DZ58: 0.531 | EA58: 0.65 | EB58: 0.662 | ED58: 2013:Q4 | EE58: 41333 | EF58: 0.67013889 | EG58: -0.0358 | EH58: 0.1275 | EI58: 0.099 | EK58: 2013:Q1 | EL58: 41352 | EM58: 0.66805556 | EN58: 0.1287 | EO58: 0.35 | EP58: 0.325 | ER58: 2012:Q4 | ES58: 41304 | ET58: 0.67083333 | EU58: -0.016 | EV58: 0 | EW58: -0.009 | EY58: 2012:Q4 | EZ58: 41303 | FA58: 0.27083333 | FB58: 0.8449 | FC58: 0.85 | FD58: 0.787 | FF58: 2013:Q1 | FG58: 41382 | FH58: 0.25 | FI58: 1.124 | FJ58: 1.16 | FK58: 1.14 | FM58: 2014:Q2 | FN58: 41835 | FO58: 0.29097222 | FP58: 1.5617 | FQ58: 1.59 | FR58: 1.306 | FT58: 2013:Q2 | FU58: 41345 | FV58: 0.12569444 | FW58: 1.099 | FX58: 1.1037 | FY58: 1.057 | GA58: 2012:Q4 | GB58: 41306 | GC58: Bef-mkt | GD58: 2.0673 | GE58: 1.993 | GF58: 1.998
A59: 2012:Q4 | B59: 41207 | C59: 0.6875 | D59: 0.3096 | E59: 0.3096 | F59: 0.315 | H59: 2012:Q3 | I59: 41207 | J59: 0.66666667 | K59: -0.03 | L59: -0.03 | M59: -0.004 | O59: 2012:Q3 | P59: 41200 | Q59: Aft-mkt | R59: 0.162 | S59: 0.1633 | T59: 0.219 | V59: 2012:Q3 | W59: 41205 | X59: 0.67013889 | Y59: -0.02 | Z59: -0.02 | AA59: 0.053 | AC59: 2013:Q1 | AD59: 41200 | AE59: 0.66805556 | AF59: 0.5311 | AG59: 0.53 | AH59: 0.561 | AJ59: 2012:Q4 | AK59: 41297 | AL59: 0.66944444 | AM59: 0.0019 | AN59: 0.0019 | AO59: -0.002 | AQ59: 2013:Q3 | AR59: 41221 | AS59: 0.68055556 | AT59: 0.0084 | AU59: 0.0098 | AV59: 0.009 | BE59: 2012:Q3 | BF59: 41218 | BG59: 0.27083333 | BH59: -0.07 | BI59: -0.0613 | BJ59: -0.061 | BL59: 2012:Q3 | BM59: 41207 | BN59: 0.67847222 | BO59: 9.4735 | BP59: 9.5123 | BQ59: 8.848 | BS59: 2012:Q4 | BT59: 41242 | BU59: 0.67013889 | BV59: 0.0648 | BW59: 0.077 | BX59: 0.073 | BZ59: 2012:Q3 | CA59: 41200 | CB59: 0.67708333 | CC59: -0.2081 | CD59: -0.2 | CE59: -0.149 | CG59: 2012:Q4 | CH59: 41179 | CI59: 0.67013889 | CJ59: -0.2426 | CK59: -0.24 | CL59: -0.244 | CN59: 2012:Q3 | CO59: 41211 | CP59: 0.72013889 | CQ59: 0.046 | CR59: 0.043 | CS59: 0.089 | DP59: 2013:Q1 | DQ59: 41205 | DR59: 0.67013889 | DS59: 0.002 | DT59: 0.007 | DU59: 0.011 | DW59: 2013:Q2 | DX59: 41261 | DY59: 0.66736111 | DZ59: 0.5314 | EA59: 0.64 | EB59: 0.609 | ED59: 2013:Q3 | EE59: 41233 | EF59: 0.67013889 | EG59: -0.0795 | EH59: 0.0825 | EI59: 0.08 | EK59: 2012:Q4 | EL59: 41256 | EM59: 0.66875 | EN59: 0.439 | EO59: 0.61 | EP59: 0.563 | ER59: 2012:Q3 | ES59: 41206 | ET59: 0.66805556 | EU59: -0.019 | EV59: -0.012 | EW59: -0.02 | EY59: 2012:Q3 | EZ59: 41206 | FA59: 0.27083333 | FB59: 1.1872 | FC59: 0.79 | FD59: 0.836 | FF59: 2012:Q4 | FG59: 41291 | FH59: 0.25 | FI59: 1.1702 | FJ59: 1.2 | FK59: 1.197 | FM59: 2014:Q1 | FN59: 41740 | FO59: 0.29097222 | FP59: 1.289 | FQ59: 1.28 | FR59: 1.442 | FT59: 2013:Q1 | FU59: 41255 | FV59: 0.12569444 | FW59: 0.95 | FX59: 0.95 | FY59: 0.931 | GA59: 2012:Q3 | GB59: 41214 | GC59: 0.33611111 | GD59: 2.09 | GE59: 2.09 | GF59: 1.962
A60: 2012:Q3 | B60: 41114 | C60: 0.6875 | D60: 0.3329 | E60: 0.3329 | F60: 0.371 | H60: 2012:Q2 | I60: 41116 | J60: 0.66666667 | K60: 0.0005 | L60: -2.4245363e-14 | M60: 0.001 | O60: 2012:Q2 | P60: 41109 | Q60: 0.70625 | R60: 0.214 | S60: 0.2105 | T60: 0.218 | V60: 2012:Q2 | W60: 41116 | X60: 0.67013889 | Y60: -0.08 | Z60: -0.08 | AA60: -0.174 | AC60: 2012:Q4 | AD60: 41109 | AE60: 0.66944444 | AF60: 0.7429 | AG60: 0.67 | AH60: 0.62 | AJ60: 2012:Q3 | AK60: 41205 | AL60: 0.67013889 | AM60: 0.0019 | AN60: 0.0019 | AO60: 0.001 | AQ60: 2013:Q2 | AR60: 41130 | AS60: 0.67986111 | AT60: 0.0049 | AU60: 0.0068 | AV60: 0.006 | BE60: 2012:Q2 | BF60: 41115 | BG60: 0.67152778 | BH60: -0.0667 | BI60: -2.4245363e-14 | BJ60: -0.063 | BL60: 2012:Q2 | BM60: 41109 | BN60: 0.74444444 | BO60: 8.3805 | BP60: 8.0672 | BQ60: 8.106 | BS60: 2012:Q3 | BT60: 41137 | BU60: 0.67013889 | BV60: 0.0588 | BW60: 0.072 | BX60: 0.066 | BZ60: 2012:Q2 | CA60: 41109 | CB60: 0.67847222 | CC60: 0.0543 | CD60: 0.06 | CE60: 0.074 | CG60: 2012:Q3 | CH60: 41080 | CI60: 0.66944444 | CJ60: -0.3067 | CK60: -0.3 | CL60: -0.197 | CN60: 2012:Q2 | CO60: 41120 | CP60: 0.77083333 | CQ60: 0.0728 | CR60: 0.065 | CS60: 0.046 | DP60: 2012:Q4 | DQ60: 41128 | DR60: 0.67013889 | DS60: 0.012 | DT60: 0.018 | DU60: 0.019 | DW60: 2013:Q1 | DX60: 41172 | DY60: 0.66736111 | DZ60: 0.4316 | EA60: 0.5293 | EB60: 0.533 | ED60: 2013:Q2 | EE60: 41144 | EF60: 0.67013889 | EG60: -0.0203 | EH60: 0.105 | EI60: 0.097 | EK60: 2012:Q3 | EL60: 41171 | EM60: 0.66875 | EN60: 0.4023 | EO60: 0.58 | EP60: 0.585 | ER60: 2012:Q2 | ES60: 41122 | ET60: 0.67013889 | EU60: -0.064 | EV60: -0.018 | EW60: -0.012 | EY60: 2012:Q2 | EZ60: 41115 | FA60: 0.27083333 | FB60: 0.8194 | FC60: 0.83 | FD60: 0.772 | FF60: 2012:Q3 | FG60: 41198 | FH60: 0.25 | FI60: 1.4875 | FJ60: -2.4245363e-14 | FK60: 1.456 | FM60: 2013:Q4 | FN60: 41653 | FO60: 0.29097222 | FP60: 1.4603 | FQ60: 1.4 | FR60: 1.371 | FT60: 2012:Q4 | FU60: 41192 | FV60: 0.12569444 | FW60: 1.39 | FX60: 1.4093 | FY60: 1.309 | GA60: 2012:Q2 | GB60: 41116 | GC60: 0.33611111 | GD60: 1.7992 | GE60: 1.8 | GF60: 1.953
A61: 2012:Q2 | B61: 41023 | C61: 0.6875 | D61: 0.4393 | E61: 0.4393 | F61: 0.359 | H61: 2012:Q1 | I61: 41025 | J61: 0.6875 | K61: 0.014 | L61: 0.014 | M61: 0.004 | O61: 2012:Q1 | P61: 41011 | Q61: Aft-mkt | R61: 0.2188 | S61: 0.2188 | T61: 0.209 | V61: 2012:Q1 | W61: 41022 | X61: 0.62847222 | Y61: 0.09 | Z61: 0.09 | AA61: -2.4245363e-14 | AC61: 2012:Q3 | AD61: 41018 | AE61: 0.67013889 | AF61: 0.5974 | AG61: 0.6 | AH61: 0.574 | AJ61: 2012:Q2 | AK61: 41114 | AL61: 0.67013889 | AM61: 0.0016 | AN61: 0.0016 | AO61: 0.001 | AQ61: 2013:Q1 | AR61: 41040 | AS61: 0.3125 | AT61: 0.0026 | AU61: 0.004 | AV61: 0.004 | BE61: 2012:Q1 | BF61: 41038 | BG61: 0.67083333 | BH61: -0.0573 | BI61: -0.0507 | BJ61: -0.047 | BL61: 2012:Q1 | BM61: 41026 | BO61: 6.5604 | BP61: 6.45 | BQ61: 5.855 | BS61: 2012:Q2 | BT61: 41051 | BU61: Aft-mkt | BV61: 0.0548 | BW61: 0.066 | BX61: 0.063 | BZ61: 2012:Q1 | CA61: 41018 | CB61: 0.67638889 | CC61: -0.7914 | CD61: 0.12 | CE61: 0.094 | CG61: 2012:Q2 | CH61: 40990 | CI61: 0.66666667 | CJ61: -0.3145 | CK61: -0.24 | CL61: -0.198 | CN61: 2012:Q1 | CO61: 41031 | CP61: 0.75138889 | CQ61: 0.0131 | CR61: 0.002 | CS61: 0 | DP61: 2012:Q3 | DQ61: 41023 | DR61: 0.67013889 | DS61: 0.016 | DT61: 0.019 | DU61: 0.022 | DW61: 2012:Q4 | DX61: 41078 | DY61: 0.72777778 | DZ61: 0.7005 | EA61: 0.82 | EB61: 0.783 | ED61: 2013:Q1 | EE61: 41046 | EF61: 0.67013889 | EG61: -0.0349 | EH61: 0.0925 | EI61: 0.086 | EK61: 2012:Q2 | EL61: 41079 | EM61: 0.67013889 | EN61: 0.4346 | EO61: 0.6 | EP61: 0.593 | EY61: 2012:Q1 | EZ61: 41024 | FA61: 0.27083333 | FB61: 0.9088 | FC61: 0.92 | FD61: 0.786 | FF61: 2012:Q2 | FG61: 41109 | FH61: 0.25 | FI61: 1.239 | FJ61: 1.27 | FK61: 1.193 | FM61: 2013:Q3 | FN61: 41558 | FO61: 0.29027778 | FP61: 1.5038 | FQ61: 1.42 | FR61: 1.297 | FT61: 2012:Q3 | FU61: 41053 | FV61: 0.12569444 | FW61: 0.88 | FX61: 0.88 | FY61: -2.4245363e-14 | GA61: 2012:Q1 | GB61: 41025 | GC61: 0.33611111 | GD61: 2 | GE61: 2 | GF61: 2.076
A62: 2012:Q1 | B62: 40932 | C62: 0.6875 | D62: 0.4954 | E62: 0.4954 | F62: 0.361 | H62: 2011:Q4 | I62: 40939 | J62: 0.66736111 | K62: 0.019 | L62: 0.019 | M62: 0.008 | O62: 2011:Q4 | P62: 40927 | Q62: 0.71527778 | R62: 0.2055 | S62: 0.2055 | T62: 0.229 | V62: 2011:Q4 | W62: 40940 | Y62: 0.14 | Z62: -2.4245363e-14 | AA62: -2.4245363e-14 | AC62: 2012:Q2 | AD62: 40927 | AE62: 0.67222222 | AF62: 0.7558 | AG62: 0.78 | AH62: 0.762 | AJ62: 2012:Q1 | AK62: 41022 | AL62: 0.67013889 | AM62: -0.0011 | AN62: -0.0011 | AO62: -0.004 | AQ62: 2012:Q4 | AR62: 40954 | AS62: 0.67986111 | AT62: 0.0051 | AU62: 0.0065 | AV62: 0.006 | BE62: 2011:Q4 | BF62: 40954 | BG62: 0.67083333 | BH62: -0.052 | BI62: -0.046 | BJ62: -0.041 | BL62: 2011:A | BM62: 40959 | BN62: 0.71527778 | BO62: 25.7959 | BP62: 25.9 | BQ62: 25.776 | BS62: 2012:Q1 | BT62: 40961 | BU62: Aft-mkt | BV62: 0.0504 | BW62: 0.062 | BX62: 0.058 | BZ62: 2011:Q4 | CA62: 40932 | CB62: 0.67847222 | CC62: -0.1602 | CD62: -2.4245363e-14 | CE62: 0.161 | CG62: 2012:Q1 | CH62: 40898 | CI62: 0.67013889 | CJ62: -0.2041 | CK62: -0.18 | CL62: -0.1 | CN62: 2011:Q4 | CO62: 40938 | CP62: 0.33333333 | CQ62: 0.0953 | CR62: 0.081 | CS62: 0.096 | DP62: 2012:Q2 | DQ62: 40932 | DR62: 0.67013889 | DS62: 0.02 | DT62: 0.025 | DU62: 0.028 | DW62: 2012:Q3 | DX62: 40988 | DY62: 0.66666667 | DZ62: 0.5042 | EA62: 0.62 | EB62: 0.561 | ED62: 2012:Q4 | EE62: 40962 | EF62: 0.67013889 | EG62: -0.0084 | EH62: 0.1075 | EI62: 0.1 | EK62: 2012:Q1 | EL62: 40987 | EM62: 0.67013889 | EN62: 0.3621 | EO62: 0.57 | EP62: 0.57 | EY62: 2011:Q4 | EZ62: 40939 | FA62: 0.27083333 | FB62: 0.8551 | FC62: 0.87 | FD62: 0.808 | FF62: 2012:Q1 | FG62: 41018 | FH62: 0.25 | FI62: 1.2861 | FJ62: 1.31 | FK62: 1.177 | FM62: 2013:Q2 | FN62: 41467 | FO62: 0.29097222 | FP62: 1.6661 | FQ62: 1.6426 | FR62: 1.451 | FT62: 2012:Q2 | FU62: 40968 | FV62: 0.125 | FW62: 0.9 | FX62: 0.8995 | FY62: 0.873 | GA62: 2011:Q4 | GB62: 40939 | GC62: 0.33611111 | GD62: 1.97 | GE62: 1.97 | GF62: 1.979
A63: 2011:Q4 | B63: 40834 | C63: 0.6875 | D63: 0.2518 | E63: 0.2518 | F63: 0.263 | H63: 2011:Q3 | I63: 40841 | J63: 0.67013889 | K63: 0.007 | L63: 0.007 | M63: 0.012 | O63: 2011:Q3 | P63: 40829 | Q63: 0.66736111 | R63: 0.2083 | S63: 0.2083 | T63: 0.191 | V63: 2011:Q3 | W63: 40940 | Y63: 0.1 | Z63: -2.4245363e-14 | AA63: -2.4245363e-14 | AC63: 2012:Q1 | AD63: 40836 | AE63: 0.67083333 | AF63: 0.6798 | AG63: 0.68 | AH63: 0.679 | AJ63: 2011:Q4 | AK63: 40933 | AL63: 0.67013889 | AM63: 0.0091 | AN63: -2.4245363e-14 | AO63: 0.008 | AQ63: 2012:Q3 | AR63: 40857 | AS63: 0.67986111 | AT63: 0.0075 | AU63: 0.0088 | AV63: 0.008 | BE63: 2011:Q3 | BF63: 40849 | BG63: Aft-mkt | BH63: -0.042 | BI63: -0.0367 | BJ63: -0.04 | BL63: 2011:Q4 | BM63: 40959 | BN63: 0.71527778 | BO63: 6.0885 | BP63: 6.0937 | BQ63: 5.973 | BS63: 2011:Q4 | BT63: 40878 | BU63: 0.67013889 | BV63: 0.0614 | BW63: 0.073 | BX63: 0.073 | BZ63: 2011:Q3 | CA63: 40843 | CB63: 0.67708333 | CC63: 0.13 | CD63: 0.15 | CE63: 0.099 | CG63: 2011:Q4 | CH63: 40815 | CI63: 0.67152778 | CJ63: -0.1334 | CK63: -0.14 | CL63: -0.01 | CN63: 2011:Q3 | CO63: 40847 | CP63: 0.83680556 | CQ63: 0.0313 | CR63: 0.044 | CS63: 0.04 | DP63: 2012:Q1 | DQ63: 40841 | DR63: 0.67013889 | DS63: 0.019 | DT63: 0.024 | DU63: 0.024 | DW63: 2012:Q2 | DX63: 40897 | DY63: 0.66805556 | DZ63: 0.4381 | EA63: 0.537 | EB63: 0.57 | ED63: 2012:Q3 | EE63: 40864 | EF63: 0.67013889 | EG63: -0.0076 | EH63: 0.085 | EI63: 0.077 | EK63: 2011:Q4 | EL63: 40892 | EM63: 0.67013889 | EN63: 0.498 | EO63: 0.67 | EP63: 0.602 | EY63: 2011:Q3 | EZ63: 40836 | FA63: 0.27083333 | FB63: 1.1165 | FC63: 1.13 | FD63: 1.124 | FF63: 2011:Q4 | FG63: 40927 | FH63: 0.25 | FI63: 1.1658 | FJ63: 1.17 | FK63: 1.037 | FM63: 2013:Q1 | FN63: 41376 | FO63: 0.29097222 | FP63: 1.6336 | FQ63: 1.57 | FR63: 1.384 | FT63: 2012:Q1 | FU63: 40885 | FV63: 0.125 | FW63: 0.7958 | FX63: 0.7948 | FY63: 0.796 | GA63: 2011:Q3 | GB63: 40843 | GC63: Bef-mkt | GD63: 2.13 | GE63: 2.13 | GF63: 2.126
A64: 2011:Q3 | B64: 40743 | C64: 0.6875 | D64: 0.2782 | E64: 0.2782 | F64: 0.209 | H64: 2011:Q2 | I64: 40750 | J64: 0.66805556 | K64: 0.0205 | L64: 0.0205 | M64: 0.017 | O64: 2011:Q2 | P64: 40738 | Q64: 0.71805556 | R64: 0.192 | S64: 0.192 | T64: 0.17 | AC64: 2011:Q4 | AD64: 40745 | AE64: 0.67083333 | AF64: 0.6885 | AG64: 0.69 | AH64: 0.576 | AJ64: 2011:Q3 | AK64: 40840 | AL64: 0.67013889 | AM64: 0.0166 | AN64: 0.0166 | AO64: 0.014 | AQ64: 2012:Q2 | AR64: 40766 | AS64: 0.68125 | AT64: 0.0065 | AU64: 0.008 | AV64: 0.008 | BE64: 2011:Q2 | BF64: 40758 | BG64: Aft-mkt | BH64: -0.04 | BI64: -0.0353 | BJ64: -0.034 | BL64: 2011:Q3 | BM64: 40847 | BN64: 0.64861111 | BO64: 5.8495 | BP64: 5.85 | BQ64: 5.888 | BS64: 2011:Q3 | BT64: 40778 | BU64: Aft-mkt | BV64: 0.0578 | BW64: 0.068 | BX64: 0.067 | BZ64: 2011:Q2 | CA64: 40745 | CB64: 0.67638889 | CC64: 0.08 | CD64: 0.09 | CE64: 0.081 | CG64: 2011:Q3 | CH64: 40717 | CI64: 0.66944444 | CJ64: 0.0573 | CK64: 0.02 | CL64: 0.15 | CN64: 2011:Q2 | CO64: 40757 | CP64: 0.83680556 | CQ64: 0.0383 | CR64: 0.026 | CS64: 0.057 | DP64: 2011:Q4 | DQ64: 40757 | DR64: 0.67013889 | DS64: 0.024 | DT64: 0.029 | DU64: 0.029 | DW64: 2012:Q1 | DX64: 40806 | DY64: 0.66944444 | DZ64: 0.3765 | EA64: 0.48 | EB64: 0.465 | ED64: 2012:Q2 | EE64: 40773 | EF64: 0.67013889 | EG64: 0.0023 | EH64: 0.075 | EI64: 0.073 | EK64: 2011:Q3 | EL64: 40806 | EM64: 0.67013889 | EN64: 0.4081 | EO64: 0.55 | EP64: 0.538 | EY64: 2011:Q2 | EZ64: 40745 | FA64: 0.27083333 | FB64: 1.1236 | FC64: 1.18 | FD64: 1.179 | FF64: 2011:Q3 | FG64: 40834 | FH64: 0.25 | FI64: 1.1502 | FJ64: 1.17 | FK64: 1.124 | FM64: 2012:Q4 | FN64: 41290 | FO64: 0.29097222 | FP64: 1.7335 | FQ64: 1.35 | FR64: 1.217 | FT64: 2011:Q4 | FU64: 40821 | FV64: 0.125 | FW64: 1.08 | FX64: 1.0807 | FY64: 1.092 | GA64: 2011:Q2 | GB64: 40752 | GC64: 0.33611111 | GD64: 2.18 | GE64: 2.18 | GF64: 2.338
A65: 2011:Q2 | B65: 40653 | C65: 0.6875 | D65: 0.2286 | E65: 0.2286 | F65: 0.194 | H65: 2011:Q1 | I65: 40659 | J65: 0.67152778 | K65: 0.022 | L65: 0.022 | M65: 0.031 | O65: 2011:Q1 | P65: 40647 | Q65: Aft-mkt | R65: 0.1378 | S65: 0.176 | T65: 0.178 | AC65: 2011:Q3 | AD65: 40661 | AE65: 0.67152778 | AF65: 0.5415 | AG65: 0.56 | AH65: 0.555 | AJ65: 2011:Q2 | AK65: 40749 | AL65: 0.67013889 | AM65: 0.018 | AN65: 0.018 | AO65: 0.016 | AQ65: 2012:Q1 | AR65: 40675 | AS65: 0.67986111 | AT65: 0.0055 | AU65: 0.0068 | AV65: 0.005 | BE65: 2011:Q1 | BF65: 40667 | BG65: 0.67361111 | BH65: -0.034 | BI65: -0.0293 | BJ65: -0.034 | BL65: 2011:Q2 | BM65: 40784 | BO65: 6.8608 | BP65: 6.9364 | BQ65: 7.067 | BS65: 2011:Q2 | BT65: 40687 | BU65: 0.67013889 | BV65: 0.0548 | BW65: 0.064 | BX65: 0.062 | BZ65: 2011:Q1 | CA65: 40654 | CB65: 0.67638889 | CC65: 0.6843 | CD65: 0.08 | CE65: 0.059 | CG65: 2011:Q2 | CH65: 40625 | CI65: 0.67152778 | CJ65: 0.0175 | CK65: 0.07 | CL65: -2.4245363e-14 | CN65: 2011:Q1 | CO65: 40667 | CP65: 0.83680556 | CQ65: 0.0271 | CR65: 0.01 | CS65: 0.039 | DP65: 2011:Q3 | DQ65: 40659 | DR65: 0.67013889 | DS65: 0.025 | DT65: 0.028 | DU65: 0.028 | DW65: 2011:Q4 | DX65: 40717 | DY65: 0.66944444 | DZ65: 0.6383 | EA65: 0.75 | EB65: 0.713 | ED65: 2012:Q1 | EE65: 40682 | EF65: 0.67013889 | EG65: -0.0021 | EH65: 0.07 | EI65: 0.068 | EK65: 2011:Q2 | EL65: 40715 | EM65: 0.67013889 | EN65: 0.4493 | EO65: 0.55 | EP65: 0.513 | EY65: 2011:Q1 | EZ65: 40651 | FA65: 0.27083333 | FB65: 1.2186 | FC65: 1.24 | FD65: 1.171 | FF65: 2011:Q2 | FG65: 40743 | FH65: 0.25 | FI65: 1.176 | FJ65: 1.16 | FK65: 1.039 | FM65: 2012:Q3 | FN65: 41194 | FO65: 0.29097222 | FP65: 1.4233 | FQ65: 1.46 | FR65: 1.204 | FT65: 2011:Q3 | FU65: 40688 | FV65: 0.125 | FW65: 0.73 | FX65: 0.8004 | FY65: -2.4245363e-14 | GA65: 2011:Q1 | GB65: 40661 | GC65: 0.3375 | GD65: 2.14 | GE65: 2.14 | GF65: 2.066
A66: 2011:Q1 | B66: 40561 | C66: 0.6875 | D66: 0.2296 | E66: 0.2298 | F66: 0.193 | H66: 2010:Q4 | I66: 40570 | J66: 0.67083333 | K66: 0.0455 | L66: 0.0455 | M66: 0.044 | O66: 2010:Q4 | P66: 40563 | Q66: Aft-mkt | R66: 0.1953 | S66: 0.1953 | T66: 0.179 | AC66: 2011:Q2 | AD66: 40570 | AE66: 0.66597222 | AF66: 0.7611 | AG66: 0.77 | AH66: 0.683 | AJ66: 2011:Q1 | AK66: 40658 | AL66: 0.67013889 | AM66: 0.0159 | AN66: 0.0159 | AO66: 0.015 | AQ66: 2011:Q4 | AR66: 40590 | AS66: 0.67986111 | AT66: 0.0049 | AU66: 0.0058 | AV66: 0.004 | BE66: 2010:Q4 | BF66: 40589 | BG66: 0.67708333 | BH66: -0.036 | BI66: -0.0317 | BJ66: -0.034 | BL66: 2011:Q1 | BM66: 40661 | BN66: 0.40694444 | BO66: 6.9973 | BP66: 7 | BQ66: 6.964 | BS66: 2011:Q1 | BT66: 40597 | BU66: 0.67013889 | BV66: 0.0556 | BW66: 0.065 | BX66: 0.056 | BZ66: 2010:Q4 | CA66: 40563 | CB66: 0.68402778 | CC66: 0.2573 | CD66: 0.14 | CE66: 0.111 | CG66: 2011:Q1 | CH66: 40534 | CI66: 0.67361111 | CJ66: 0.0606 | CK66: -0.04 | CL66: -2.4245363e-14 | CN66: 2010:Q4 | CO66: 40568 | CP66: 0.8375 | CQ66: 0.1699 | CR66: 0.16 | CS66: 0.092 | DP66: 2011:Q2 | DQ66: 40568 | DR66: 0.67013889 | DS66: 0.027 | DT66: 0.031 | DU66: 0.026 | DW66: 2011:Q3 | DX66: 40626 | DY66: 0.66666667 | DZ66: 0.4269 | EA66: 0.54 | EB66: 0.495 | ED66: 2011:Q4 | EE66: 40598 | EF66: 0.67013889 | EG66: 0.0021 | EH66: 0.0775 | EI66: 0.067 | EK66: 2011:Q1 | EL66: 40624 | EM66: 0.67013889 | EN66: 0.458 | EO66: 0.58 | EP66: 0.571 | EY66: 2010:Q4 | EZ66: 40570 | FA66: 0.27083333 | FB66: 1.1779 | FC66: 1.11 | FD66: 1.095 | FF66: 2011:Q1 | FG66: 40654 | FH66: 0.25 | FI66: 1.1916 | FJ66: 1.22 | FK66: 0.876 | FM66: 2012:Q2 | FN66: 41103 | FO66: 0.29097222 | FP66: 1.1587 | FQ66: 1.1783 | FR66: 0.757 | FT66: 2011:Q2 | FU66: 40604 | FV66: 0.125 | FW66: 0.79 | FX66: 0.79 | FY66: 0.786 | GA66: 2010:Q4 | GB66: 40574 | GC66: 0.33541667 | GD66: 1.8501 | GE66: 1.85 | GF66: 1.631
A67: 2010:Q4 | B67: 40469 | C67: 0.6875 | D67: 0.1657 | E67: 0.1657 | F67: 0.147 | H67: 2010:Q3 | I67: 40472 | J67: 0.66805556 | K67: 0.0255 | L67: 0.0255 | M67: 0.024 | O67: 2010:Q3 | P67: 40465 | Q67: 0.69097222 | R67: 0.168 | S67: 0.168 | T67: 0.148 | AC67: 2011:Q1 | AD67: 40479 | AE67: 0.675 | AF67: 0.6175 | AG67: 0.62 | AH67: 0.548 | AJ67: 2010:Q4 | AK67: 40569 | AL67: 0.67361111 | AM67: 0.0124 | AN67: 0.0124 | AO67: 0.01 | AQ67: 2011:Q3 | AR67: 40493 | AS67: 0.68263889 | AT67: 0.0037 | AU67: 0.0038 | AV67: 0.004 | BE67: 2010:Q3 | BF67: 40491 | BG67: 0.67708333 | BH67: -0.0253 | BI67: -0.0247 | BJ67: -0.029 | BL67: 2010:A | BM67: 40570 | BN67: 0.70069444 | BO67: 30.1644 | BP67: 31.2 | BQ67: 30.252 | BS67: 2010:Q4 | BT67: 40514 | BU67: Aft-mkt | BV67: 0.066 | BW67: 0.076 | BX67: 0.062 | BZ67: 2010:Q3 | CA67: 40465 | CB67: 0.67708333 | CC67: -0.1518 | CD67: 0.15 | CE67: 0.056 | CG67: 2010:Q4 | CH67: 40458 | CI67: 0.67222222 | CJ67: 0.3234 | CK67: 0.33 | CL67: 0.396 | CN67: 2010:Q3 | CO67: 40483 | CP67: 0.83680556 | CQ67: 0.0736 | CR67: 0.063 | CS67: 0.095 | DP67: 2011:Q1 | DQ67: 40477 | DR67: 0.67013889 | DS67: 0.0181 | DT67: 0.022 | DU67: 0.022 | DW67: 2011:Q2 | DX67: 40528 | DY67: 0.66597222 | DZ67: 0.3887 | EA67: 0.51 | EB67: 0.455 | ED67: 2011:Q3 | EE67: 40500 | EF67: 0.67013889 | EG67: 0.0336 | EH67: 0.08 | EI67: 0.077 | EK67: 2010:Q4 | EL67: 40532 | EM67: 0.67013889 | EN67: 0.5285 | EO67: 0.56 | EP67: 0.52 | EY67: 2010:Q3 | EZ67: 40472 | FA67: 0.27083333 | FB67: 1.2144 | FC67: 1.21 | FD67: 1.149 | FF67: 2010:Q4 | FG67: 40563 | FH67: 0.25 | FI67: 1.1026 | FJ67: 0.94 | FK67: 0.844 | FM67: 2012:Q1 | FN67: 41012 | FO67: 0.29027778 | FP67: 1.588 | FQ67: 1.31 | FR67: 1.175 | FT67: 2011:Q1 | FU67: 40520 | FV67: 0.125 | FW67: 0.7115 | FX67: 0.7128 | FY67: 0.691 | GA67: 2010:Q3 | GB67: 40479 | GC67: 0.33611111 | GD67: 1.4403 | GE67: 1.44 | GF67: 1.394
A68: 2010:Q3 | B68: 40379 | C68: 0.6875 | D68: 0.1254 | E68: 0.1254 | F68: 0.112 | H68: 2010:Q2 | I68: 40381 | J68: 0.67361111 | K68: 0.0225 | L68: 0.0225 | M68: 0.027 | O68: 2010:Q2 | P68: 40374 | Q68: 0.69166667 | R68: 0.1428 | S68: 0.1428 | T68: 0.143 | AC68: 2010:Q4 | AD68: 40381 | AE68: 0.67708333 | AF68: 0.5088 | AG68: 0.51 | AH68: 0.464 | AJ68: 2010:Q3 | AK68: 40471 | AL68: 0.67013889 | AM68: 0.01 | AN68: 0.01 | AO68: 0.01 | AQ68: 2011:Q2 | AR68: 40402 | AS68: 0.68055556 | AT68: 0.001 | AU68: 0.0008 | AV68: 0.003 | BE68: 2010:Q2 | BF68: 40394 | BG68: 0.67013889 | BH68: -0.336 | BI68: -2.4245363e-14 | BJ68: -3.92 | BL68: 2010:Q3 | BM68: 40480 | BN68: 0.42638889 | BO68: 8.2542 | BP68: 9.0599 | BQ68: 7.485 | BS68: 2010:Q3 | BT68: 40414 | BU68: Aft-mkt | BV68: 0.0508 | BW68: 0.061 | BX68: 0.056 | BZ68: 2010:Q2 | CA68: 40374 | CB68: 0.67708333 | CC68: -0.0643 | CD68: 0.11 | CE68: 0.063 | CG68: 2010:Q3 | CH68: 40357 | CI68: 0.67083333 | CJ68: 0.6852 | CK68: 0.46 | CL68: 0.427 | CN68: 2010:Q2 | CO68: 40392 | CP68: 0.82708333 | CQ68: 0.097 | CR68: 0.097 | CS68: 0.086 | DP68: 2010:Q4 | DQ68: 40393 | DR68: 0.67013889 | DS68: 0.018 | DT68: 0.021 | DU68: 0.022 | DW68: 2011:Q1 | DX68: 40437 | DY68: 0.66597222 | DZ68: 0.3008 | EA68: 0.42 | EB68: 0.365 | ED68: 2011:Q2 | EE68: 40409 | EF68: 0.68333333 | EG68: 0.0268 | EH68: 0.0725 | EI68: 0.067 | EK68: 2010:Q3 | EL68: 40442 | EM68: 0.67013889 | EN68: 0.4162 | EO68: 0.54 | EP68: 0.494 | EY68: 2010:Q2 | EZ68: 40381 | FA68: 0.27083333 | FB68: 1.2336 | FC68: 1.24 | FD68: 1.103 | FF68: 2010:Q3 | FG68: 40470 | FH68: 0.25 | FI68: 1.1394 | FJ68: 1.14 | FK68: 0.849 | FM68: 2011:Q4 | FN68: 40921 | FO68: 0.29097222 | FP68: 1.0889 | FQ68: 0.9 | FR68: 0.903 | FT68: 2010:Q4 | FU68: 40457 | FV68: 0.12569444 | FW68: 0.97 | FX68: 0.9767 | FY68: 0.954 | GA68: 2010:Q2 | GB68: 40388 | GC68: 0.33541667 | GD68: 1.6866 | GE68: 1.6 | GF68: 1.451
A69: 2010:Q2 | B69: 40288 | C69: 0.69027778 | D69: 0.1189 | E69: 0.119 | F69: 0.093 | H69: 2010:Q1 | I69: 40290 | J69: 0.66736111 | K69: 0.033 | L69: 0.033 | M69: 0.031 | O69: 2010:Q1 | P69: 40283 | Q69: 0.66736111 | R69: 0.1515 | S69: 0.1515 | T69: 0.146 | AC69: 2010:Q3 | AD69: 40290 | AE69: 0.67361111 | AF69: 0.4408 | AG69: 0.45 | AH69: 0.422 | AJ69: 2010:Q2 | AK69: 40380 | AL69: 0.67013889 | AM69: 0.0114 | AN69: 0.0114 | AO69: 0.01 | AQ69: 2011:Q1 | AR69: 40311 | AS69: 0.68055556 | AT69: 0.0057 | AU69: 0.0058 | AV69: 0.005 | BL69: 2010:Q2 | BM69: 40420 | BN69: 0.34305556 | BO69: 7.6529 | BP69: 7.7755 | BQ69: 7.126 | BS69: 2010:Q2 | BT69: 40324 | BU69: 0.66736111 | BV69: 0.0374 | BW69: 0.047 | BX69: 0.043 | BZ69: 2010:Q1 | CA69: 40283 | CB69: 0.67708333 | CC69: 0.35 | CD69: 0.35 | CE69: -0.035 | CG69: 2010:Q2 | CH69: 40268 | CI69: 0.67152778 | CJ69: 0.3848 | CK69: 0.39 | CL69: -2.4245363e-14 | CN69: 2010:Q1 | CO69: 40297 | CP69: 0.90555556 | CQ69: 0.056 | CR69: 0.056 | CS69: 0.111 | DP69: 2010:Q3 | DQ69: 40295 | DR69: 0.67013889 | DS69: 0.018 | DT69: 0.021 | DU69: 0.021 | DW69: 2010:Q4 | DX69: 40353 | DY69: 0.66666667 | DZ69: 0.491 | EA69: 0.6 | EB69: 0.538 | ED69: 2011:Q1 | EE69: 40318 | EF69: 0.67291667 | EG69: 0.029 | EH69: 0.075 | EI69: 0.076 | EK69: 2010:Q2 | EL69: 40351 | EM69: 0.67013889 | EN69: 0.3103 | EO69: 0.44 | EP69: 0.427 | EY69: 2010:Q1 | EZ69: 40287 | FA69: 0.27083333 | FB69: 1.2137 | FC69: 1.18 | FD69: 1.108 | FF69: 2010:Q2 | FG69: 40379 | FH69: 0.25 | FI69: 0.9808 | FJ69: 0.99 | FK69: 0.744 | FM69: 2011:Q3 | FN69: 40829 | FO69: 0.29027778 | FP69: 1.0376 | FQ69: 1.02 | FR69: 0.916 | FT69: 2010:Q3 | FU69: 40325 | FV69: 0.12569444 | FW69: 0.6815 | FX69: 0.6665 | FY69: 0.66 | GA69: 2010:Q1 | GB69: 40297 | GC69: 0.33680556 | GD69: 1.3722 | GE69: 1.33 | GF69: 1.406
A70: 2010:Q1 | B70: 40203 | C70: 0.68958333 | D70: 0.1311 | E70: 0.1311 | F70: 0.117 | H70: 2009:Q4 | I70: 40206 | J70: 0.67222222 | K70: 0.0425 | L70: 0.0425 | M70: 0.036 | O70: 2009:Q4 | P70: 40199 | R70: 0.1533 | S70: 0.1533 | T70: 0.142 | AC70: 2010:Q2 | AD70: 40206 | AE70: 0.67013889 | AF70: 0.738 | AG70: 0.74 | AH70: 0.586 | AJ70: 2010:Q1 | AK70: 40289 | AL70: 0.67013889 | AM70: 0.0084 | AN70: 0.0084 | AO70: 0.008 | AQ70: 2010:Q4 | AR70: 40226 | AS70: 0.68194444 | AT70: 0.0057 | AU70: 0.0058 | AV70: 0.005 | BL70: 2010:Q1 | BM70: 40295 | BN70: 0.75902778 | BO70: 6.4194 | BP70: 6.5 | BQ70: 5.851 | BS70: 2010:Q1 | BT70: 40233 | BU70: Aft-mkt | BV70: 0.0262 | BW70: 0.036 | BX70: 0.03 | BZ70: 2009:Q4 | CA70: 40199 | CB70: 0.67708333 | CC70: 0.506 | CD70: -0.05 | CE70: 0.057 | CG70: 2010:Q1 | CH70: 40169 | CI70: 0.67222222 | CJ70: 0.2281 | CK70: 0.2029 | CL70: -2.4245363e-14 | CN70: 2009:Q4 | CO70: 40212 | CP70: 0.95 | CQ70: 0.166 | CR70: 0.166 | CS70: 0.156 | DP70: 2010:Q2 | DQ70: 40204 | DR70: 0.67013889 | DS70: 0.019 | DT70: 0.022 | DU70: 0.017 | DW70: 2010:Q3 | DX70: 40262 | DY70: 0.66944444 | DZ70: 0.2786 | EA70: 0.38 | EB70: 0.375 | ED70: 2010:Q4 | EE70: 40233 | EF70: 0.67013889 | EG70: 0.0331 | EH70: 0.0725 | EI70: 0.062 | EK70: 2010:Q1 | EL70: 40260 | EM70: 0.67013889 | EN70: 0.2607 | EO70: 0.4 | EP70: 0.369 | EY70: 2009:Q4 | EZ70: 40206 | FA70: 0.27083333 | FB70: 0.9834 | FC70: 0.91 | FD70: 0.914 | FF70: 2010:Q1 | FG70: 40288 | FH70: 0.25 | FI70: 1.0086 | FJ70: 1.03 | FK70: 0.683 | FM70: 2011:Q2 | FN70: 40738 | FO70: 0.29097222 | FP70: 1.5691 | FQ70: 1.27 | FR70: 1.206 | FT70: 2010:Q2 | FU70: 40240 | FV70: 0.12569444 | FW70: 0.702 | FX70: 0.701 | FY70: 0.716 | GA70: 2009:Q4 | GB70: 40210 | GC70: 0.33611111 | GD70: 1.27 | GE70: 1.27 | GF70: 1.188
A71: 2009:Q4 | B71: 40105 | C71: 0.6875 | D71: 0.0989 | E71: 0.065 | F71: 0.051 | H71: 2009:Q3 | I71: 40108 | J71: 0.66736111 | K71: 0.0225 | L71: 0.0225 | M71: 0.017 | O71: 2009:Q3 | P71: 40101 | R71: 0.1283 | S71: 0.1283 | T71: 0.117 | AC71: 2010:Q1 | AD71: 40109 | AE71: 0.35416667 | AF71: 0.3962 | AG71: 0.4 | AH71: 0.32 | AJ71: 2009:Q4 | AK71: 40205 | AL71: 0.67013889 | AM71: 0.008 | AN71: 0.008 | AO71: 0.007 | AQ71: 2010:Q3 | AR71: 40122 | AS71: 0.68263889 | AT71: 0.0034 | AU71: 0.0048 | AV71: 0.003 | BL71: 2009:A | BM71: 40232 | BN71: 0.47847222 | BO71: 17.1843 | BP71: 17.2 | BQ71: 16.907 | BS71: 2009:Q4 | BT71: 40150 | BU71: Aft-mkt | BV71: 0.0204 | BW71: 0.029 | BX71: 0.025 | BZ71: 2009:Q3 | CA71: 40101 | CB71: 0.67708333 | CC71: -0.2779 | CD71: -0.26 | CE71: -0.442 | CG71: 2009:Q4 | CH71: 40085 | CI71: 0.67083333 | CJ71: -0.1462 | CK71: -0.15 | CL71: -2.4245363e-14 | CN71: 2009:Q3 | CO71: 40115 | CP71: 0.85625 | CQ71: 0.173 | CR71: 0.173 | CS71: 0.096 | DP71: 2010:Q1 | DQ71: 40113 | DR71: 0.67013889 | DS71: 0.0118 | DT71: 0.017 | DU71: 0.012 | DW71: 2010:Q2 | DX71: 40164 | DY71: 0.66736111 | DZ71: 0.3082 | EA71: 0.39 | EB71: 0.358 | ED71: 2010:Q3 | EE71: 40134 | EF71: 0.67013889 | EG71: 0.0379 | EH71: 0.07 | EI71: 0.069 | EK71: 2009:Q4 | EL71: 40162 | EM71: 0.67013889 | EN71: 0.0375 | EO71: 0.39 | EP71: 0.373 | EY71: 2009:Q3 | EZ71: 40107 | FA71: 0.27083333 | FB71: 1.1673 | FC71: 1.2 | FD71: 1.019 | FF71: 2009:Q4 | FG71: 40199 | FH71: 0.25 | FI71: 0.81 | FJ71: 0.81 | FK71: 0.73 | FM71: 2011:Q1 | FN71: 40646 | FO71: 0.29097222 | FP71: 1.4719 | FQ71: 1.28 | FR71: 1.154 | FT71: 2010:Q1 | FU71: 40157 | FV71: 0.12569444 | FW71: 0.6 | FX71: 0.6009 | FY71: 0.59 | GA71: 2009:Q3 | GB71: 40115 | GC71: 0.33680556 | GD71: 0.98 | GE71: 0.98 | GF71: 1.018
A72: 2009:Q3 | B72: 40015 | C72: 0.6875 | D72: 0.0718 | E72: 0.0483 | F72: 0.043 | H72: 2009:Q2 | I72: 40017 | J72: 0.67013889 | K72: 0.016 | L72: 0.016 | M72: 0.016 | O72: 2009:Q2 | P72: 40010 | Q72: 0.66736111 | R72: 0.1165 | S72: 0.1165 | T72: 0.109 | AC72: 2009:Q4 | AD72: 40017 | AE72: 0.67361111 | AF72: 0.3701 | AG72: 0.37 | AH72: 0.369 | AJ72: 2009:Q3 | AK72: 40108 | AL72: 0.67291667 | AM72: 0.0074 | AN72: 0.0074 | AO72: 0.007 | AQ72: 2010:Q2 | AR72: 40031 | AS72: 0.68333333 | AT72: 0.0005 | AU72: 0.0018 | AV72: 0 | BL72: 2009:Q3 | BM72: 40116 | BN72: 0.64652778 | BO72: 5.9363 | BP72: 5.93 | BQ72: 5.896 | BS72: 2009:Q3 | BT72: 40059 | BU72: 0.66666667 | BV72: 0.0061 | BW72: -2.4245363e-14 | BX72: -2.4245363e-14 | BZ72: 2009:Q2 | CA72: 40015 | CB72: 0.67708333 | CC72: -0.5022 | CD72: -0.57 | CE72: -0.469 | CG72: 2009:Q3 | CH72: 39989 | CI72: 0.67083333 | CJ72: -0.3126 | CK72: -0.57 | CL72: -0.418 | CN72: 2009:Q2 | CO72: 40024 | CP72: 0.92916667 | CQ72: 0.081 | CR72: 0.081 | CS72: 0.062 | DP72: 2009:Q4 | DQ72: 40030 | DR72: 0.67013889 | DS72: 0.006 | DT72: 0.01 | DU72: 0.009 | DW72: 2010:Q1 | DX72: 40072 | DY72: 0.66666667 | DZ72: 0.2277 | EA72: 0.3 | EB72: 0.301 | ED72: 2010:Q2 | EE72: 40045 | EF72: 0.67013889 | EG72: 0.0401 | EH72: 0.0725 | EI72: 0.06 | EK72: 2009:Q3 | EL72: 40071 | EM72: 0.67083333 | EN72: 0.2579 | EO72: 0.33 | EP72: 0.334 | EY72: 2009:Q2 | EZ72: 40016 | FA72: 0.27083333 | FB72: 1.1109 | FC72: 1.12 | FD72: 1.024 | FF72: 2009:Q3 | FG72: 40106 | FH72: 0.25 | FI72: 0.89 | FJ72: 0.89 | FK72: 0.762 | FM72: 2010:Q4 | FN72: 40557 | FO72: 0.29097222 | FP72: 1.4581 | FQ72: 1.4476 | FR72: 0.999 | FT72: 2009:Q4 | FU72: 40093 | FV72: 0.125 | FW72: 0.8838 | FX72: 0.8297 | FY72: 0.765 | GA72: 2009:Q2 | GB72: 40024 | GC72: 0.33611111 | GD72: 0.8387 | GE72: 0.84 | GF72: 0.993
A73: 2009:Q2 | B73: 39925 | C73: 0.6875 | D73: 0.0639 | E73: 0.0477 | F73: 0.041 | H73: 2009:Q1 | I73: 39926 | J73: 0.66944444 | K73: 0.0205 | L73: 0.0205 | M73: 0.016 | O73: 2009:Q1 | P73: 39919 | Q73: 0.66736111 | R73: 0.1123 | S73: 0.1123 | T73: 0.104 | AC73: 2009:Q3 | AD73: 39926 | AE73: 0.67361111 | AF73: 0.4214 | AG73: 0.39 | AH73: 0.387 | AJ73: 2009:Q2 | AK73: 40017 | AL73: 0.67013889 | AM73: 0.0077 | AN73: 0.0077 | AO73: 0.007 | AQ73: 2010:Q1 | AR73: 39940 | AS73: 0.68055556 | AT73: -0.0032 | AU73: -0.0023 | AV73: -0.002 | BL73: 2009:Q2 | BM73: 40024 | BN73: 0.69097222 | BO73: 4.666 | BP73: 4.7215 | BQ73: 4.19 | BS73: 2009:Q2 | BT73: 39968 | BU73: 0.66666667 | BV73: -0.0113 | BW73: -2.4245363e-14 | BX73: -2.4245363e-14 | BZ73: 2009:Q1 | CA73: 39924 | CB73: 0.67708333 | CC73: -0.7435 | CD73: -0.62 | CE73: -0.601 | CG73: 2009:Q2 | CH73: 39905 | CI73: 0.67222222 | CJ73: -0.8025 | CK73: -0.81 | CL73: -0.628 | CN73: 2009:Q1 | CO73: 39939 | CP73: 0.29166667 | CQ73: 0.071 | CR73: 0.071 | CS73: 0.073 | DP73: 2009:Q3 | DQ73: 39932 | DR73: 0.67013889 | DS73: 0.003 | DT73: 0.006 | DU73: 0.009 | DW73: 2009:Q4 | DX73: 39987 | DY73: 0.66666667 | DZ73: 0.391 | EA73: 0.46 | EB73: 0.44 | ED73: 2010:Q1 | EE73: 39954 | EF73: 0.67152778 | EG73: 0.0373 | EH73: 0.07 | EI73: 0.059 | EK73: 2009:Q2 | EL73: 39980 | EM73: 0.67013889 | EN73: 0.2408 | EO73: 0.35 | EP73: 0.346 | EY73: 2009:Q1 | EZ73: 39923 | FA73: 0.27083333 | FB73: 1.1749 | FC73: 1.2 | FD73: 0.993 | FF73: 2009:Q2 | FG73: 40015 | FH73: 0.25 | FI73: 0.7283 | FJ73: 0.73 | FK73: 0.702 | FM73: 2010:Q3 | FN73: 40464 | FO73: 0.29027778 | FP73: 1.3785 | FQ73: 1.2923 | FR73: 0.884 | FT73: 2009:Q3 | FU73: 39961 | FV73: 0.12569444 | FW73: 0.4918 | FX73: 0.5335 | FY73: 0.537 | GA73: 2009:Q1 | GB73: 39933 | GC73: 0.33611111 | GD73: 0.92 | GE73: 0.92 | GF73: 0.948
A74: 2009:Q1 | B74: 39834 | C74: 0.6875 | D74: 0.0893 | E74: 0.0636 | F74: 0.052 | H74: 2008:Q4 | I74: 39842 | J74: 0.67361111 | K74: 0.026 | L74: 0.026 | M74: 0.019 | O74: 2008:Q4 | P74: 39835 | Q74: 0.66736111 | R74: 0.0303 | S74: 0.0303 | T74: 0.105 | AC74: 2009:Q2 | AD74: 39835 | AE74: 0.375 | AF74: 0.4682 | AG74: 0.47 | AH74: 0.492 | AJ74: 2009:Q1 | AK74: 39926 | AL74: 0.67013889 | AM74: 0.0053 | AN74: 0.0053 | AO74: 0.005 | AQ74: 2009:Q4 | AR74: 39854 | AS74: 0.68055556 | AT74: -0.0067 | AU74: -0.0045 | AV74: -0.002 | BL74: 2009:Q1 | BM74: 39934 | BN74: 0.38611111 | BO74: 0.4089 | BP74: 0.2985 | BQ74: -0.058 | BS74: 2009:Q1 | BT74: 39869 | BU74: 0.66666667 | BV74: 0.0075 | BW74: -2.4245363e-14 | BX74: -2.4245363e-14 | BZ74: 2008:Q4 | CA74: 39835 | CB74: 0.67708333 | CC74: -1.28 | CD74: -0.69 | CE74: -0.509 | CG74: 2009:Q1 | CH74: 39805 | CI74: 0.67291667 | CJ74: -1.0141 | CK74: -0.72 | CL74: -0.457 | CN74: 2008:Q4 | CO74: 39846 | CP74: 0.29166667 | CQ74: 0.113 | CR74: 0.113 | CS74: 0.094 | DP74: 2009:Q2 | DQ74: 39841 | DR74: 0.67013889 | DS74: 0.014 | DT74: 0.017 | DU74: 0.018 | DW74: 2009:Q3 | DX74: 39890 | DY74: 0.66666667 | DZ74: 0.2661 | EA74: 0.35 | EB74: 0.316 | ED74: 2009:Q4 | EE74: 39869 | EF74: 0.67013889 | EG74: 0.0275 | EH74: 0.06 | EI74: 0.049 | EK74: 2009:Q1 | EL74: 39889 | EM74: 0.67013889 | EN74: 0.3417 | EO74: 0.45 | EP74: 0.439 | EY74: 2008:Q4 | EZ74: 39842 | FA74: 0.27083333 | FB74: 1.07 | FC74: 1.07 | FD74: 1.047 | FF74: 2009:Q1 | FG74: 39924 | FH74: 0.25 | FI74: 0.8084 | FJ74: 0.81 | FK74: 0.685 | FM74: 2010:Q2 | FN74: 40374 | FO74: 0.27013889 | FP74: 1.1056 | FQ74: 1.09 | FR74: 0.723 | FT74: 2009:Q2 | FU74: 39876 | FV74: 0.12569444 | FW74: 0.55 | FX74: 0.547 | FY74: 0.586 | GA74: 2008:Q4 | GB74: 39843 | GC74: 0.33680556 | GD74: 1.54 | GE74: 1.55 | GF74: 1.465
A75: 2008:Q4 | B75: 39742 | C75: 0.69444444 | D75: 0.0886 | E75: 0.045 | F75: 0.041 | H75: 2008:Q3 | I75: 39743 | J75: 0.66736111 | K75: 0.0135 | L75: 0.0135 | M75: 0.013 | O75: 2008:Q3 | P75: 39737 | Q75: 0.66736111 | R75: 0.1015 | S75: 0.106 | T75: 0.101 | AC75: 2009:Q1 | AD75: 39744 | AE75: 0.67361111 | AF75: 0.476 | AG75: 0.48 | AH75: 0.471 | AJ75: 2008:Q4 | AK75: 39839 | AL75: 0.67013889 | AM75: 0.0054 | AN75: 0.0054 | AO75: 0.005 | AQ75: 2009:Q3 | AR75: 39758 | AS75: 0.68055556 | AT75: 0.0035 | AU75: 0.005 | AV75: 0.003 | BL75: 2008:A | BM75: 39903 | BN75: 0.38402778 | BO75: 19.4813 | BP75: 19.204 | BQ75: 19.466 | BS75: 2008:Q4 | BT75: 39791 | BU75: 0.66666667 | BV75: 0.008 | BW75: -2.4245363e-14 | BX75: -2.4245363e-14 | BZ75: 2008:Q3 | CA75: 39737 | CB75: 0.67708333 | CC75: 0.03 | CD75: 0.13 | CE75: -0.393 | CG75: 2008:Q4 | CH75: 39722 | CI75: 0.66666667 | CJ75: -0.01 | CK75: -0.2652 | CL75: -0.238 | CN75: 2008:Q3 | CO75: 39751 | CP75: 0.88680556 | CQ75: 0.09 | CR75: 0.09 | CS75: 0.077 | DP75: 2009:Q1 | DQ75: 39750 | DR75: 0.67013889 | DS75: 0.018 | DT75: 0.021 | DU75: 0.018 | DW75: 2009:Q2 | DX75: 39800 | DY75: 0.66736111 | DZ75: 0.2552 | EA75: 0.34 | EB75: 0.339 | ED75: 2009:Q3 | EE75: 39772 | EF75: 0.67013889 | EG75: 0.02 | EH75: 0.0475 | EI75: 0.043 | EK75: 2008:Q4 | EL75: 39798 | EM75: 0.67013889 | EN75: 0.456 | EO75: 0.6 | EP75: 0.567 | EY75: 2008:Q3 | EZ75: 39744 | FA75: 0.27083333 | FB75: 1.04 | FC75: 1.04 | FD75: 1.019 | FF75: 2008:Q4 | FG75: 39835 | FH75: 0.25 | FI75: 0.78 | FJ75: 0.78 | FK75: 0.782 | FM75: 2010:Q1 | FN75: 40282 | FO75: 0.29097222 | FP75: 1.2117 | FQ75: 0.74 | FR75: 0.638 | FT75: 2009:Q1 | FU75: 39793 | FV75: 0.12569444 | FW75: 0.6516 | FX75: 0.6558 | FY75: 0.617 | GA75: 2008:Q3 | GB75: 39751 | GC75: 0.3375 | GD75: 2.59 | GE75: 2.59 | GF75: 2.401
A76: 2008:Q3 | B76: 39650 | C76: 0.6875 | D76: 0.0446 | E76: 0.0425 | F76: 0.04 | H76: 2008:Q2 | I76: 39652 | J76: 0.66736111 | K76: 0.0185 | L76: 0.0185 | M76: 0.013 | O76: 2008:Q2 | P76: 39646 | Q76: 0.66736111 | R76: 0.098 | S76: 0.098 | T76: 0.099 | AC76: 2008:Q4 | AD76: 39646 | AE76: 0.67708333 | AF76: 0.47 | AG76: 0.46 | AH76: 0.472 | AJ76: 2008:Q3 | AK76: 39741 | AL76: 0.67013889 | AM76: 0.0047 | AN76: 0.0047 | AO76: 0.004 | AQ76: 2009:Q2 | AR76: 39672 | AS76: 0.69097222 | AT76: 0.0018 | AU76: 0.0033 | AV76: 0.004 | BL76: 2008:Q3 | BM76: 39752 | BN76: 0.33680556 | BO76: -2.4245363e-14 | BP76: 5.9643 | BQ76: 5.873 | BS76: 2008:Q3 | BT76: 39708 | BV76: 0.009 | BW76: -2.4245363e-14 | BX76: -2.4245363e-14 | BZ76: 2008:Q2 | CA76: 39646 | CB76: 0.67708333 | CC76: -0.9019 | CD76: -0.6 | CE76: -0.535 | CG76: 2008:Q3 | CH76: 39625 | CI76: 0.67152778 | CJ76: -0.29 | CK76: -0.295 | CL76: -0.297 | CN76: 2008:Q2 | CO76: 39664 | CP76: 0.82152778 | CQ76: 0.064 | CR76: 0.064 | CS76: 0.11 | DP76: 2008:Q4 | DQ76: 39666 | DR76: 0.67013889 | DS76: 0.018 | DT76: 0.021 | DU76: 0.016 | DW76: 2009:Q1 | DX76: 39709 | DY76: 0.66736111 | DZ76: 0.2178 | EA76: 0.29 | EB76: 0.268 | ED76: 2009:Q2 | EE76: 39680 | EF76: 0.67013889 | EG76: 0.02 | EH76: 0.045 | EI76: 0.046 | EK76: 2008:Q3 | EL76: 39707 | EM76: 0.67013889 | EN76: 0.35 | EO76: 0.5 | EP76: 0.464 | EY76: 2008:Q2 | EZ76: 39653 | FA76: 0.29166667 | FB76: 0.99 | FC76: 0.99 | FD76: 0.993 | FF76: 2008:Q3 | FG76: 39737 | FH76: 0.25 | FI76: 0.73 | FJ76: 0.73 | FK76: 0.731 | FM76: 2009:Q4 | FN76: 40193 | FO76: 0.29097222 | FP76: 0.8327 | FQ76: 0.74 | FR76: 0.602 | FT76: 2008:Q4 | FU76: 39729 | FV76: 0.12569444 | FW76: 0.915 | FX76: 0.9572 | FY76: 0.926 | GA76: 2008:Q2 | GB76: 39660 | GC76: 0.34166667 | GD76: 2.27 | GE76: 2.27 | GF76: 2.526
A77: 2008:Q2 | B77: 39561 | C77: 0.6875 | D77: 0.0436 | E77: 0.0414 | F77: 0.039 | H77: 2008:Q1 | I77: 39561 | J77: 0.66736111 | K77: 0.017 | L77: 0.017 | M77: 0.016 | O77: 2008:Q1 | P77: 39555 | Q77: 0.66736111 | R77: 0.103 | S77: 0.103 | T77: 0.098 | AC77: 2008:Q3 | AD77: 39562 | AE77: 0.67361111 | AF77: 0.47 | AG77: 0.47 | AH77: 0.445 | AJ77: 2008:Q2 | AK77: 39654 | AL77: 0.29166667 | AM77: 0.006 | AN77: 0.006 | AO77: 0.006 | AQ77: 2009:Q1 | AR77: 39576 | AS77: 0.68055556 | AT77: 0.0075 | AU77: 0.009 | AV77: 0.01 | BL77: 2008:Q2 | BM77: 39679 | BN77: 0.40763889 | BO77: 5.5432 | BP77: 5.5459 | BQ77: 5.391 | BS77: 2008:Q2 | BT77: 39680 | BV77: 0.008 | BW77: -2.4245363e-14 | BX77: -2.4245363e-14 | BZ77: 2008:Q1 | CA77: 39555 | CB77: 0.67708333 | CC77: -0.55 | CD77: -0.51 | CE77: -0.481 | CG77: 2008:Q2 | CH77: 39540 | CI77: 0.67291667 | CJ77: -0.39 | CK77: -0.406 | CL77: -0.368 | CN77: 2008:Q1 | CO77: 39569 | CP77: 0.79444444 | CQ77: 0.084 | CR77: 0.086 | CS77: 0.094 | DP77: 2008:Q3 | DQ77: 39567 | DR77: 0.67013889 | DS77: 0.013 | DT77: 0.015 | DU77: 0.015 | DW77: 2008:Q4 | DX77: 39624 | DY77: 0.66736111 | DZ77: 0.45 | EA77: 0.47 | EB77: 0.439 | ED77: 2009:Q1 | EE77: 39589 | EF77: 0.67013889 | EG77: 0.0202 | EH77: 0.04 | EI77: 0.038 | EK77: 2008:Q2 | EL77: 39615 | EM77: 0.67013889 | EN77: 0.44 | EO77: 0.5 | EP77: 0.463 | EY77: 2008:Q1 | EZ77: 39559 | FA77: 0.27083333 | FB77: 0.92 | FC77: 0.92 | FD77: 0.959 | FF77: 2008:Q2 | FG77: 39651 | FH77: 0.25 | FI77: 0.67 | FJ77: 0.67 | FK77: 0.645 | FM77: 2009:Q3 | FN77: 40100 | FO77: 0.29097222 | FP77: 0.8751 | FQ77: 0.82 | FR77: 0.508 | FT77: 2008:Q3 | FU77: 39597 | FV77: 0.12569444 | FW77: 0.68 | FX77: 0.6791 | FY77: 0.654 | GA77: 2008:Q1 | GB77: 39569 | GC77: 0.3375 | GD77: 2.03 | GE77: 2.03 | GF77: 2.148
A78: 2008:Q1 | B78: 39469 | C78: 0.6875 | D78: 0.0629 | E78: 0.0629 | F78: 0.058 | H78: 2007:Q4 | I78: 39477 | J78: 0.66736111 | K78: 0.024 | L78: 0.024 | M78: 0.023 | O78: 2007:Q4 | P78: 39478 | Q78: 0.66736111 | R78: 0.0948 | S78: 0.0948 | T78: 0.098 | AC78: 2008:Q2 | AD78: 39471 | AE78: 0.67708333 | AF78: 0.51 | AG78: 0.5 | AH78: 0.462 | AJ78: 2008:Q1 | AK78: 39559 | AL78: 0.67013889 | AM78: 0.003 | AN78: 0.003 | AO78: 0.003 | AQ78: 2008:Q4 | AR78: 39491 | AS78: 0.70069444 | AT78: 0.0105 | AU78: 0.0123 | AV78: 0.012 | BL78: 2008:Q1 | BM78: 39569 | BN78: 0.055555556 | BO78: 5.2193 | BP78: 5.4452 | BQ78: 4.579 | BS78: 2008:Q1 | BT78: 39520 | BV78: -2.4245363e-14 | BW78: -2.4245363e-14 | BX78: -2.4245363e-14 | BZ78: 2007:Q4 | CA78: 39464 | CB78: 0.67708333 | CC78: -0.22 | CD78: -0.17 | CE78: -0.35 | CG78: 2008:Q1 | CH78: 39436 | CI78: 0.66944444 | CJ78: -0.28 | CK78: -0.25 | CL78: -0.188 | CN78: 2007:Q4 | CO78: 39479 | CP78: 0.78888889 | CQ78: 0.147 | CR78: 0.141 | CS78: 0.18 | DP78: 2008:Q2 | DQ78: 39477 | DR78: 0.67013889 | DS78: 0.02 | DT78: 0.022 | DU78: 0.019 | DW78: 2008:Q3 | DX78: 39533 | DY78: 0.66736111 | DZ78: 0.3 | EA78: 0.3 | EB78: 0.301 | ED78: 2008:Q4 | EE78: 39505 | EF78: 0.67013889 | EG78: 0.0175 | EH78: 0.0325 | EI78: 0.033 | EK78: 2008:Q1 | EL78: 39525 | EM78: 0.67013889 | EN78: 0.42 | EO78: 0.48 | EP78: 0.453 | EY78: 2007:Q4 | EZ78: 39476 | FA78: 0.29166667 | FB78: 0.9 | FC78: 0.9 | FD78: 0.893 | FF78: 2008:Q1 | FG78: 39560 | FH78: 0.25 | FI78: 0.78 | FJ78: 0.78 | FK78: 0.794 | FM78: 2009:Q2 | FN78: 40010 | FO78: 0.27013889 | FP78: 0.5373 | FQ78: 0.28 | FR78: 0.046 | FT78: 2008:Q2 | FU78: 39512 | FV78: 0.12569444 | FW78: 0.74 | FX78: 0.7327 | FY78: 0.742 | GA78: 2007:Q4 | GB78: 39479 | GC78: 0.34305556 | GD78: 2.13 | GE78: 2.13 | GF78: 2.002
A79: 2007:Q4 | B79: 39377 | C79: 0.6875 | D79: 0.0346 | E79: 0.0361 | F79: 0.03 | H79: 2007:Q3 | I79: 39378 | J79: 0.66736111 | K79: 0.0095 | L79: 0.0095 | M79: 0.009 | O79: 2007:Q3 | P79: 39373 | Q79: 0.66736111 | R79: 0.0845 | S79: 0.0845 | T79: 0.078 | AC79: 2008:Q1 | AD79: 39380 | AE79: 0.67361111 | AF79: 0.45 | AG79: 0.45 | AH79: 0.39 | AJ79: 2007:Q4 | AK79: 39470 | AL79: 0.67013889 | AM79: 0.0034 | AN79: 0.0034 | AO79: 0.002 | AQ79: 2008:Q3 | AR79: 39394 | AS79: 0.68819444 | AT79: 0.0095 | AU79: 0.011 | AV79: 0.009 | BL79: 2007:A | BM79: 39520 | BO79: 20.3764 | BP79: 20.4937 | BQ79: 20.495 | BS79: 2007:Q3 | BT79: 39680 | BV79: -0.078 | BW79: -2.4245363e-14 | BX79: -2.4245363e-14 | BZ79: 2007:Q3 | CA79: 39373 | CB79: 0.67708333 | CC79: -0.55 | CD79: -0.52 | CE79: -0.627 | CG79: 2007:Q4 | CH79: 39357 | CI79: 0.67361111 | CJ79: -0.17 | CK79: -0.1872 | CL79: -0.228 | CN79: 2007:Q3 | CO79: 39386 | CQ79: 0.152 | CR79: 0.151 | CS79: 0.12 | DP79: 2008:Q1 | DQ79: 39386 | DR79: Aft-mkt | DS79: 0.015 | DT79: 0.017 | DU79: 0.015 | DW79: 2008:Q2 | DX79: 39435 | DY79: 0.66666667 | DZ79: 0.29 | EA79: 0.31 | EB79: 0.269 | ED79: 2008:Q3 | EE79: 39401 | EG79: 0.0125 | EH79: 0.0275 | EI79: 0.028 | EK79: 2007:Q4 | EL79: 39433 | EM79: 0.67013889 | EN79: 0.44 | EO79: 0.49 | EP79: 0.476 | EY79: 2007:Q3 | EZ79: 39373 | FA79: 0.29166667 | FB79: 0.91 | FC79: 0.91 | FD79: 0.874 | FF79: 2007:Q4 | FG79: 39469 | FH79: 0.475 | FI79: 0.92 | FJ79: 0.92 | FK79: 0.924 | FM79: 2009:Q1 | FN79: 39919 | FO79: 0.27013889 | FP79: 0.2323 | FQ79: 0.4 | FR79: 0.324 | FT79: 2008:Q1 | FU79: 39429 | FV79: 0.12569444 | FW79: 0.5901 | FX79: 0.5879 | FY79: 0.588 | GA79: 2007:Q3 | GB79: 39387 | GC79: 0.38263889 | GD79: 1.7 | GE79: 1.7 | GF79: 1.741
A80: 2007:Q3 | B80: 39288 | C80: 0.68888889 | D80: 0.0336 | E80: 0.0329 | F80: 0.026 | H80: 2007:Q2 | I80: 39287 | J80: 0.66736111 | K80: 0.0095 | L80: 0.0095 | M80: 0.008 | O80: 2007:Q2 | P80: 39282 | Q80: 0.66736111 | R80: 0.0733 | S80: 0.0733 | T80: 0.073 | AC80: 2007:Q4 | AD80: 39282 | AE80: 0.67361111 | AF80: 0.39 | AG80: 0.39 | AH80: 0.367 | AJ80: 2007:Q3 | AK80: 39377 | AL80: 0.67013889 | AM80: 0.0033 | AN80: 0.0033 | AO80: 0.002 | AQ80: 2008:Q2 | AR80: 39303 | AS80: 0.68958333 | AT80: 0.0072 | AU80: 0.0085 | AV80: 0.007 | BL80: 2007:Q4 | BM80: 39539 | BN80: 0.62361111 | BO80: 6.4847 | BP80: 6.4847 | BQ80: -2.4245363e-14 | BS80: 2007:Q2 | BT80: 39282 | BV80: -0.003 | BW80: -2.4245363e-14 | BX80: -2.4245363e-14 | BZ80: 2007:Q2 | CA80: 39282 | CB80: 0.67708333 | CC80: -0.86 | CD80: -0.86 | CE80: -0.827 | CG80: 2007:Q3 | CH80: 39261 | CI80: 0.66944444 | CJ80: -0.28 | CK80: -0.3049 | CL80: -0.246 | CN80: 2007:Q2 | CO80: 39290 | CQ80: 0.089 | CR80: 0.09 | CS80: 0.122 | DP80: 2007:Q4 | DQ80: 39301 | DR80: Aft-mkt | DS80: 0.014 | DT80: 0.016 | DU80: 0.012 | DW80: 2008:Q1 | DX80: 39345 | DY80: 0.66875 | DZ80: 0.21 | EA80: 0.22 | EB80: 0.209 | ED80: 2008:Q2 | EE80: 39309 | EF80: Aft-mkt | EG80: 0.0075 | EH80: 0.0225 | EI80: 0.024 | EK80: 2007:Q3 | EL80: 39342 | EM80: 0.67013889 | EN80: 0.4 | EO80: 0.45 | EP80: 0.404 | EY80: 2007:Q2 | EZ80: 39287 | FA80: 0.25 | FB80: 0.9 | FC80: 0.9 | FD80: 0.825 | FF80: 2007:Q3 | FG80: 39373 | FH80: 0.25 | FI80: 0.95 | FJ80: 0.95 | FK80: 0.926 | FM80: 2008:Q4 | FN80: 39828 | FO80: 0.27083333 | FP80: -0.09 | FQ80: 0.07 | FR80: -0.001 | FT80: 2007:Q4 | FU80: 39365 | FV80: 0.12569444 | FW80: 0.91 | FX80: 0.9097 | FY80: 0.831 | GA80: 2007:Q2 | GB80: 39289 | GC80: 0.38402778 | GD80: 1.83 | GE80: 1.83 | GF80: 1.952
A81: 2007:Q2 | B81: 39197 | C81: 0.6875 | D81: 0.0311 | E81: 0.0311 | F81: 0.023 | H81: 2007:Q1 | I81: 39196 | J81: 0.66736111 | K81: 0.013 | L81: 0.013 | M81: 0.008 | O81: 2007:Q1 | P81: 39191 | Q81: 0.66736111 | R81: 0.0795 | S81: 0.0795 | T81: 0.072 | AC81: 2007:Q3 | AD81: 39198 | AE81: 0.67361111 | AF81: 0.49 | AG81: 0.49 | AH81: 0.46 | AJ81: 2007:Q2 | AK81: 39286 | AL81: 0.67013889 | AM81: 0.0053 | AN81: 0.0053 | AO81: 0.003 | AQ81: 2008:Q1 | AR81: 39212 | AS81: 0.68958333 | AT81: 0.0055 | AU81: 0.007 | AV81: 0.007 | BL81: 2007:S1 | BM81: 39314 | BO81: 8.3234 | BP81: 8.3163 | BQ81: -2.4245363e-14 | BS81: 2007:Q1 | BT81: 39147 | BV81: -2.4245363e-14 | BW81: -2.4245363e-14 | BX81: -2.4245363e-14 | BZ81: 2007:Q1 | CA81: 39191 | CB81: 0.67708333 | CC81: -0.9 | CD81: -0.85 | CE81: -0.507 | CG81: 2007:Q2 | CH81: 39176 | CI81: 0.66805556 | CJ81: -0.07 | CK81: -0.0689 | CL81: -0.012 | CN81: 2007:Q1 | CO81: 39209 | CQ81: 0.079 | CR81: 0.075 | CS81: 0.129 | DP81: 2007:Q3 | DQ81: 39211 | DS81: 0.013 | DT81: 0.014 | DU81: 0.012 | DW81: 2007:Q4 | DX81: 39259 | DY81: 0.67083333 | DZ81: 0.36 | EA81: 0.37 | EB81: 0.347 | ED81: 2008:Q1 | EE81: 39218 | EF81: Aft-mkt | EG81: 0.0025 | EH81: 0.02 | EI81: 0.019 | EK81: 2007:Q2 | EL81: 39247 | EM81: 0.67013889 | EN81: 0.32 | EO81: 0.37 | EP81: 0.351 | EY81: 2007:Q1 | EZ81: 39188 | FA81: 0.25 | FB81: 0.84 | FC81: 0.84 | FD81: 0.795 | FF81: 2007:Q2 | FG81: 39282 | FH81: 0.25 | FI81: 0.89 | FJ81: 0.89 | FK81: 0.812 | FM81: 2008:Q3 | FN81: 39736 | FO81: 0.29097222 | FP81: 0.28 | FQ81: 0.11 | FR81: -0.213 | FT81: 2007:Q3 | FU81: 39233 | FV81: 0.12569444 | FW81: 0.56 | FX81: 0.5591 | FY81: 0.559 | GA81: 2007:Q1 | GB81: 39198 | GC81: 0.37708333 | GD81: 1.62 | GE81: 1.62 | GF81: 1.542
A82: 2007:Q1 | B82: 39099 | C82: 0.6875 | D82: 0.0407 | E82: 0.0407 | F82: 0.028 | H82: 2006:Q4 | I82: 39114 | J82: Bef-mkt | K82: 0.0115 | L82: 0.0115 | M82: 0.011 | O82: 2006:Q4 | P82: 39113 | Q82: 0.66805556 | R82: 0.0823 | S82: 0.0823 | T82: 0.065 | AC82: 2007:Q2 | AD82: 39107 | AE82: 0.67361111 | AF82: 0.26 | AG82: 0.26 | AH82: 0.262 | AJ82: 2007:Q1 | AK82: 39190 | AL82: 0.33333333 | AM82: 0.002 | AN82: 0.002 | AO82: 0.002 | AQ82: 2007:Q4 | AR82: 39126 | AS82: 0.69722222 | AT82: 0.0073 | AU82: 0.0088 | AV82: 0.007 | BL82: 2007:Q2 | BM82: 39314 | BO82: 4.7522 | BP82: 4.7522 | BQ82: 4.825 | BS82: 2006:A | BT82: 38756 | BV82: -2.4245363e-14 | BW82: -2.4245363e-14 | BX82: -2.4245363e-14 | BZ82: 2006:Q4 | CA82: 39105 | CB82: 0.68125 | CC82: -0.04 | CD82: 0.01 | CE82: 0.15 | CG82: 2007:Q1 | CH82: 39072 | CI82: 0.67986111 | CJ82: 0.12 | CK82: 0.23 | CL82: 0.219 | CN82: 2006:Q4 | CO82: 39108 | CQ82: 0.168 | CR82: 0.166 | CS82: 0.158 | DW82: 2007:Q3 | DX82: 39161 | DY82: 0.67083333 | DZ82: 0.24 | EA82: 0.251 | EB82: 0.223 | ED82: 2007:Q4 | EE82: 39134 | EF82: Aft-mkt | EG82: 0 | EH82: 0.0225 | EI82: 0.017 | EK82: 2007:Q1 | EL82: 39161 | EM82: 0.67708333 | EN82: 0.2735 | EO82: 0.304 | EP82: 0.291 | EY82: 2006:Q4 | EZ82: 39113 | FA82: Bef-mkt | FB82: 0.85 | FC82: 0.85 | FD82: 0.817 | FF82: 2007:Q1 | FG82: 39191 | FH82: 0.25 | FI82: 0.74 | FJ82: 0.74 | FK82: 0.713 | FM82: 2008:Q2 | FN82: 39646 | FO82: 0.27083333 | FP82: 0.54 | FQ82: 0.54 | FR82: 0.483 | FT82: 2007:Q2 | FU82: 39149 | FV82: 0.12569444 | FW82: 0.6 | FX82: 0.5989 | FY82: 0.667 | GA82: 2006:Q4 | GB82: 39114 | GD82: 1.7666 | GE82: 1.69 | GF82: 1.507
A83: 2006:Q4 | B83: 39008 | C83: Aft-mkt | D83: 0.0221 | E83: 0.0221 | F83: 0.018 | H83: 2006:Q3 | I83: 39014 | K83: 0.0025 | L83: 0.0025 | M83: 0.002 | O83: 2006:Q3 | P83: 39009 | Q83: Aft-mkt | R83: 0.059 | S83: 0.059 | T83: 0.053 | AC83: 2007:Q1 | AD83: 39016 | AF83: 0.35 | AG83: 0.35 | AH83: 0.315 | AJ83: 2006:Q4 | AK83: 39106 | AL83: 0.67013889 | AM83: 0.003 | AN83: 0.003 | AO83: 0.002 | AQ83: 2007:Q3 | AR83: 39030 | AT83: 0.0035 | AU83: 0.0065 | AV83: 0.005 | BL83: 2007:Q1 | BM83: 39199 | BO83: -2.4245363e-14 | BP83: 3.4971 | BQ83: 3.466 | BS83: 2006:Q3 | BT83: 39009 | BV83: -2.4245363e-14 | BW83: -2.4245363e-14 | BX83: -2.4245363e-14 | BZ83: 2006:Q3 | CA83: 39008 | CB83: Aft-mkt | CC83: 0.27 | CD83: 0.27 | CE83: 0.235 | CG83: 2006:Q4 | CH83: 38995 | CJ83: 0.12 | CK83: 0.12 | CL83: 0.15 | CN83: 2006:Q3 | CO83: 39016 | CQ83: 0.127 | CR83: 0.127 | CS83: 0.12 | DW83: 2007:Q2 | DX83: 39069 | DY83: Aft-mkt | DZ83: 0.22 | EA83: 0.22 | EB83: 0.222 | ED83: 2007:Q3 | EE83: 39036 | EF83: Aft-mkt | EG83: 0 | EH83: 0.015 | EI83: 0.014 | EK83: 2006:Q4 | EL83: 39065 | EM83: Aft-mkt | EN83: 0.2992 | EO83: 0.33 | EP83: 0.325 | EY83: 2006:Q3 | EZ83: 39009 | FA83: Bef-mkt | FB83: 0.8 | FC83: 0.8 | FD83: 0.795 | FF83: 2006:Q4 | FG83: 39100 | FI83: 0.84 | FJ83: 0.84 | FK83: 0.851 | FM83: 2008:Q1 | FN83: 39554 | FO83: 0.29097222 | FP83: 0.27 | FQ83: 0.68 | FR83: 0.678 | FT83: 2007:Q1 | FU83: 39065 | FV83: Bef-mkt | FW83: 0.52 | FX83: 0.52 | FY83: 0.505 | GA83: 2006:Q3 | GB83: 39016 | GD83: 1.77 | GE83: 1.77 | GF83: 1.589
A84: 2006:Q3 | B84: 38917 | C84: Aft-mkt | D84: 0.0193 | E84: 0.0193 | F84: 0.017 | H84: 2006:Q2 | I84: 38923 | K84: 0.0025 | L84: 0.0025 | M84: 0.004 | O84: 2006:Q2 | P84: 38918 | R84: 0.0583 | S84: 0.0583 | T84: 0.048 | AC84: 2006:Q4 | AD84: 38918 | AE84: Aft-mkt | AF84: 0.2746 | AG84: 0.31 | AH84: 0.316 | AJ84: 2006:Q3 | AK84: 39013 | AL84: 0.67013889 | AM84: 0.0026 | AN84: 0.0026 | AO84: 0.002 | AQ84: 2007:Q2 | AR84: 38939 | AT84: 0.0037 | AU84: 0.0037 | AV84: 0.005 | BL84: 2006:A | BM84: 39107 | BO84: 24.1968 | BP84: 23.9516 | BQ84: 23.594 | BS84: 2006:S1 | BT84: 38918 | BV84: -2.4245363e-14 | BW84: -2.4245363e-14 | BX84: -2.4245363e-14 | BZ84: 2006:Q2 | CA84: 38918 | CB84: Aft-mkt | CC84: 0.16 | CD84: 0.16 | CE84: 0.233 | CG84: 2006:Q3 | CH84: 38896 | CI84: Aft-mkt | CJ84: 0.12 | CK84: 0.12 | CL84: 0.084 | CN84: 2006:Q2 | CO84: 38926 | CQ84: 0.121 | CR84: 0.121 | CS84: 0.123 | DW84: 2007:Q1 | DX84: 38979 | DY84: Aft-mkt | DZ84: 0.17 | EA84: 0.18 | EB84: 0.158 | ED84: 2007:Q2 | EE84: 38945 | EF84: Aft-mkt | EG84: 0 | EH84: 0.015 | EI84: 0.009 | EK84: 2006:Q3 | EL84: 38974 | EM84: Aft-mkt | EN84: 0.24 | EO84: 0.29 | EP84: 0.255 | EY84: 2006:Q2 | EZ84: 38919 | FA84: Bef-mkt | FB84: 0.76 | FC84: 0.76 | FD84: 0.756 | FF84: 2006:Q3 | FG84: 39009 | FH84: Bef-mkt | FI84: 0.8 | FJ84: 0.8 | FK84: 0.762 | FM84: 2007:Q4 | FN84: 39463 | FO84: 0.29097222 | FP84: 0.86 | FQ84: 0.86 | FR84: 0.879 | FT84: 2006:Q4 | FU84: 39002 | FV84: Bef-mkt | FW84: 0.75 | FX84: 0.75 | FY84: 0.729 | GA84: 2006:Q2 | GB84: 38925 | GC84: 0.33333333 | GD84: 1.72 | GE84: 1.72 | GF84: 1.586
A85: 2006:Q2 | B85: 38826 | C85: 0.70833333 | D85: 0.0168 | E85: -2.4245363e-14 | F85: 0.016 | H85: 2006:Q1 | I85: 38832 | K85: 0.006 | L85: 0.006 | M85: 0.006 | O85: 2006:Q1 | P85: 38827 | Q85: 0.66736111 | R85: 0.0488 | S85: 0.0487 | T85: 0.043 | AC85: 2006:Q3 | AD85: 38834 | AE85: Aft-mkt | AF85: 0.32 | AG85: 0.32 | AH85: 0.334 | AJ85: 2006:Q2 | AK85: 38922 | AL85: 0.67013889 | AM85: 0.0036 | AN85: 0.0034 | AO85: 0.002 | AQ85: 2007:Q1 | AR85: 38848 | AT85: 0.0048 | AU85: 0.0048 | AV85: 0.005 | BL85: 2006:Q4 | BM85: 39181 | BO85: 5.3196 | BP85: 5.3196 | BQ85: 4.587 | BS85: 2006:Q1 | BT85: 38827 | BV85: -2.4245363e-14 | BW85: -2.4245363e-14 | BX85: -2.4245363e-14 | BZ85: 2006:Q1 | CA85: 38819 | CB85: Aft-mkt | CC85: 0.41 | CD85: 0.41 | CE85: 0.295 | CG85: 2006:Q2 | CH85: 38817 | CI85: Aft-mkt | CJ85: 0.07 | CK85: 0.07 | CL85: 0.072 | CN85: 2006:Q1 | CO85: 38834 | CP85: Aft-mkt | CQ85: 0.105 | CR85: 0.105 | CS85: 0.106 | DW85: 2006:Q4 | DX85: 38890 | DY85: Aft-mkt | DZ85: 0.29 | EA85: 0.29 | EB85: 0.279 | ED85: 2007:Q1 | EE85: 38854 | EF85: Aft-mkt | EG85: 0 | EH85: 0.01 | EI85: 0.008 | EK85: 2006:Q2 | EL85: 38883 | EM85: Aft-mkt | EN85: 0.26 | EO85: 0.31 | EP85: 0.294 | EY85: 2006:Q1 | EZ85: 38827 | FA85: Bef-mkt | FB85: 0.77 | FC85: 0.77 | FD85: 0.751 | FF85: 2006:Q2 | FG85: 38917 | FH85: Bef-mkt | FI85: 0.7 | FJ85: 0.7 | FK85: 0.684 | FM85: 2007:Q3 | FN85: 39372 | FO85: 0.29097222 | FP85: 0.98 | FQ85: 0.98 | FR85: 0.902 | FT85: 2006:Q3 | FU85: 38868 | FV85: Bef-mkt | FW85: 0.49 | FX85: 0.49 | FY85: 0.501 | GA85: 2006:Q1 | GB85: 38834 | GC85: Bef-mkt | GD85: 1.37 | GE85: 1.37 | GF85: 1.451
A86: 2006:Q1 | B86: 38735 | C86: Aft-mkt | D86: 0.0232 | E86: 0.0232 | F86: 0.02 | H86: 2005:Q4 | I86: 38750 | K86: 0.0235 | L86: 0.0235 | M86: 0.015 | O86: 2005:Q4 | P86: 38748 | Q86: 0.66805556 | R86: 0.0305 | S86: 0.0305 | T86: 0.041 | AC86: 2006:Q2 | AD86: 38742 | AE86: 0.72916667 | AF86: 0.33 | AG86: 0.33 | AH86: 0.33 | AJ86: 2006:Q1 | AK86: 38831 | AL86: 0.67013889 | AM86: 0.001 | AN86: 0.001 | AO86: 0 | AQ86: 2006:Q4 | AR86: 38764 | AS86: Aft-mkt | AT86: 0.0043 | AU86: 0.0022 | AV86: 0.004 | BL86: 2006:Q3 | BM86: 39019 | BO86: -2.4245363e-14 | BP86: 6.2062 | BQ86: 5.867 | BS86: 2005:A | BT86: 38743 | BV86: -2.4245363e-14 | BW86: -2.4245363e-14 | BX86: -2.4245363e-14 | BZ86: 2005:Q4 | CA86: 38735 | CB86: Aft-mkt | CC86: 0.45 | CD86: 0.45 | CE86: 0.263 | CG86: 2006:Q1 | CH86: 38707 | CI86: 0.70833333 | CJ86: 0.09 | CK86: 0.09 | CL86: 0.12 | CN86: 2005:Q4 | CO86: 38748 | CQ86: 0.13 | CR86: 0.13 | CS86: 0.135 | DW86: 2006:Q3 | DX86: 38796 | DY86: Aft-mkt | DZ86: 0.19 | EA86: 0.19 | EB86: 0.178 | ED86: 2006:Q4 | EE86: 38770 | EF86: Aft-mkt | EG86: 0.0125 | EH86: 0.0125 | EI86: 0.012 | EK86: 2006:Q1 | EL86: 38798 | EM86: Aft-mkt | EN86: 0.26 | EO86: 0.32 | EP86: 0.295 | EY86: 2005:Q4 | EZ86: 38743 | FA86: Bef-mkt | FB86: 0.8 | FC86: 0.8 | FD86: 0.782 | FF86: 2006:Q1 | FG86: 38825 | FH86: Bef-mkt | FI86: 0.68 | FJ86: 0.68 | FK86: 0.657 | FM86: 2007:Q2 | FN86: 39281 | FO86: 0.29097222 | FP86: 1.21 | FQ86: 1.2 | FR86: 1.095 | FT86: 2006:Q2 | FU86: 38778 | FV86: Bef-mkt | FW86: 0.62 | FX86: 0.62 | FY86: 0.603 | GA86: 2005:Q4 | GB86: 38747 | GC86: 0.33333333 | GD86: 1.7291 | GE86: 1.65 | GF86: 1.477
A87: 2005:Q4 | B87: 38636 | C87: Aft-mkt | D87: 0.0175 | E87: 0.0136 | F87: 0.013 | H87: 2005:Q3 | I87: 38650 | J87: Aft-mkt | K87: 0.0035 | L87: 0.0035 | M87: 0.009 | O87: 2005:Q3 | P87: 38645 | Q87: 0.66736111 | R87: 0.033 | S87: 0.033 | T87: 0.032 | AC87: 2006:Q1 | AD87: 38652 | AE87: Aft-mkt | AF87: 0.31 | AG87: 0.31 | AH87: 0.298 | AJ87: 2005:Q4 | AK87: 38741 | AL87: 0.70833333 | AM87: 0.0087 | AN87: 0.0081 | AO87: 0.002 | AQ87: 2006:Q3 | AR87: 38665 | AS87: Aft-mkt | AT87: 0.0035 | AU87: 0.003 | AV87: 0.003 | BL87: 2006:S1 | BM87: 38958 | BO87: 12.4116 | BP87: 12.7572 | BQ87: -2.4245363e-14 | BS87: 2005:Q3 | BT87: 38645 | BV87: -2.4245363e-14 | BW87: -2.4245363e-14 | BX87: -2.4245363e-14 | BZ87: 2005:Q3 | CA87: 38636 | CB87: Aft-mkt | CC87: 0.18 | CD87: 0.18 | CE87: 0.089 | CG87: 2005:Q4 | CH87: 38624 | CJ87: 0.07 | CK87: 0.07 | CL87: -0.12 | CN87: 2005:Q3 | CO87: 38652 | CQ87: 0.112 | CR87: 0.112 | CS87: 0.107 | DW87: 2006:Q2 | DX87: 38701 | DY87: Aft-mkt | DZ87: 0.19 | EA87: 0.19 | EB87: 0.19 | ED87: 2006:Q3 | EE87: 38672 | EF87: Aft-mkt | EG87: 0.0275 | EH87: 0.0125 | EI87: 0.01 | EK87: 2005:Q4 | EL87: 38701 | EM87: Aft-mkt | EN87: 0.3 | EO87: 0.3 | EP87: 0.287 | EY87: 2005:Q3 | EZ87: 38645 | FA87: Bef-mkt | FB87: 0.73 | FC87: 0.73 | FD87: 0.716 | FF87: 2005:Q4 | FG87: 38736 | FH87: Bef-mkt | FI87: 0.58 | FJ87: 0.58 | FK87: 0.651 | FM87: 2007:Q1 | FN87: 39190 | FO87: 0.29097222 | FP87: 1.24 | FQ87: 1.24 | FR87: 1.065 | FT87: 2006:Q1 | FU87: 38694 | FV87: Bef-mkt | FW87: 0.46 | FX87: 0.46 | FY87: 0.448 | GA87: 2005:Q3 | GB87: 38652 | GC87: Bef-mkt | GD87: 1.32 | GE87: 1.32 | GF87: 1.259
A88: 2005:Q3 | B88: 38546 | C88: Aft-mkt | D88: 0.0132 | E88: 0.0132 | F88: 0.011 | H88: 2005:Q2 | I88: 38559 | J88: Aft-mkt | K88: 0.006 | L88: 0.006 | M88: 0.011 | O88: 2005:Q2 | P88: 38554 | Q88: 0.66736111 | R88: 0.0298 | S88: 0.0298 | T88: 0.031 | AC88: 2005:Q4 | AD88: 38554 | AE88: Aft-mkt | AF88: 0.3421 | AG88: 0.33 | AH88: 0.31 | AJ88: 2005:Q3 | AK88: 39013 | AL88: 0.67013889 | AM88: 0.0016 | AN88: 0.0016 | AO88: 0.002 | AQ88: 2006:Q2 | AR88: 38925 | AT88: 0.0017 | AU88: 0.0034 | AV88: 0.003 | BL88: 2006:C2 | BM88: 38958 | BO88: 12.4116 | BP88: -2.4245363e-14 | BQ88: -2.4245363e-14 | BS88: 2005:S1 | BT88: 38554 | BV88: -2.4245363e-14 | BW88: -2.4245363e-14 | BX88: -2.4245363e-14 | BZ88: 2005:Q2 | CA88: 38546 | CB88: Aft-mkt | CC88: 0.03 | CD88: 0.03 | CE88: -0.03 | CG88: 2005:Q3 | CH88: 38526 | CI88: Aft-mkt | CJ88: -0.2 | CK88: -0.2 | CL88: -2.4245363e-14 | CN88: 2005:Q2 | CO88: 38561 | CQ88: 0.112 | CR88: 0.112 | CS88: 0.084 | DW88: 2006:Q1 | DX88: 38617 | DY88: Aft-mkt | DZ88: 0.14 | EA88: -2.4245363e-14 | EB88: 0.143 | ED88: 2006:Q2 | EE88: 38581 | EF88: Aft-mkt | EG88: 0.01 | EH88: 0.01 | EI88: 0.01 | EK88: 2005:Q3 | EL88: 38610 | EM88: Aft-mkt | EN88: 0.29 | EO88: 0.29 | EP88: 0.268 | EY88: 2005:Q2 | EZ88: 38554 | FA88: Bef-mkt | FB88: 0.67 | FC88: 0.67 | FD88: 0.669 | FF88: 2005:Q3 | FG88: 38639 | FH88: Bef-mkt | FI88: 0.61 | FJ88: 0.61 | FK88: 0.633 | FM88: 2006:Q4 | FN88: 39099 | FO88: 0.29097222 | FP88: 1.02 | FQ88: 1.02 | FR88: 0.958 | FT88: 2005:Q4 | FU88: 38631 | FV88: Bef-mkt | FW88: 0.74 | FX88: 0.739 | FY88: 0.648 | GA88: 2005:Q2 | GB88: 38561 | GC88: 0.29166667 | GD88: 1.23 | GE88: 1.23 | GF88: 1.222
A89: 2005:Q2 | B89: 38455 | C89: 0.6875 | D89: 0.0125 | E89: 0.0121 | F89: 0.009 | H89: 2005:Q1 | I89: 38468 | K89: 0.006 | L89: 0.01 | M89: -2.4245363e-14 | O89: 2005:Q1 | P89: 38455 | Q89: 0.71527778 | R89: 0.0308 | S89: 0.028 | T89: -2.4245363e-14 | AC89: 2005:Q3 | AD89: 38470 | AE89: Aft-mkt | AF89: 0.32 | AG89: 0.32 | AH89: 0.315 | AJ89: 2005:Q2 | AK89: 38558 | AL89: 0.67361111 | AM89: 0.0013 | AN89: 0.0013 | AO89: 0 | AQ89: 2006:Q1 | AR89: 38484 | AS89: Aft-mkt | AT89: 0.0015 | AU89: 0.003 | AV89: 0.002 | BL89: 2006:Q1 | BM89: 38838 | BO89: 6.002 | BP89: -2.4245363e-14 | BQ89: 5.47 | BS89: 2005:Q1 | BT89: 38463 | BV89: -2.4245363e-14 | BW89: -2.4245363e-14 | BX89: -2.4245363e-14 | BZ89: 2005:Q1 | CA89: 38455 | CB89: 0.67708333 | CC89: -0.04 | CD89: -0.04 | CE89: -2.4245363e-14 | CG89: 2005:Q2 | CH89: 38440 | CI89: Aft-mkt | CJ89: 0.17 | CK89: 0.17 | CL89: -2.4245363e-14 | CN89: 2005:Q1 | CO89: 38470 | CP89: 0.6875 | CQ89: 0.089 | CR89: 0.089 | CS89: -2.4245363e-14 | DW89: 2005:Q4 | DX89: 38532 | DY89: 0.29166667 | DZ89: 0.26 | EA89: 0.26 | EB89: 0.234 | ED89: 2006:Q1 | EE89: 38490 | EG89: 0.01 | EH89: 0.01 | EI89: 0.006 | EK89: 2005:Q2 | EL89: 38519 | EM89: Aft-mkt | EN89: 0.28 | EO89: 0.28 | EP89: 0.272 | EY89: 2005:Q1 | EZ89: 38460 | FA89: 0.29166667 | FB89: 0.68 | FC89: 0.68 | FD89: 0.682 | FF89: 2005:Q2 | FG89: 38547 | FH89: Bef-mkt | FI89: 0.58 | FJ89: 0.58 | FK89: 0.602 | FM89: 2006:Q3 | FN89: 39008 | FO89: 0.29166667 | FP89: 0.91 | FQ89: 0.91 | FR89: 0.853 | FT89: 2005:Q3 | FU89: 38498 | FV89: Bef-mkt | FW89: 0.43 | FX89: 0.43 | FY89: 0.425 | GA89: 2005:Q1 | GB89: 38470 | GC89: Bef-mkt | GD89: 1.15 | GE89: 1.15 | GF89: 1.06
A90: 2005:Q1 | B90: 38364 | C90: Aft-mkt | D90: 0.0125 | E90: 0.0125 | F90: 0.008 | H90: 2004:Q4 | I90: 38385 | K90: 0.0175 | L90: 0.0175 | M90: -2.4245363e-14 | O90: 2004:Q3 | P90: 38281 | Q90: 0.69236111 | R90: 0.0048 | S90: 0.0175 | T90: -2.4245363e-14 | AC90: 2005:Q2 | AD90: 38379 | AE90: 0.67708333 | AF90: 0.35 | AG90: 0.35 | AH90: 0.324 | AJ90: 2005:Q1 | AK90: 38463 | AL90: 0.67361111 | AM90: -0.0024 | AN90: -0.0024 | AO90: -0.003 | AQ90: 2005:Q4 | AR90: 38400 | AS90: 0.6875 | AT90: 0.0023 | AU90: 0.0023 | AV90: 0.002 | BL90: 2005:Q4 | BM90: 38743 | BO90: 6.5515 | BP90: 6.5515 | BQ90: 6.033 | BS90: 2004:A | BT90: 38379 | BV90: -2.4245363e-14 | BW90: -2.4245363e-14 | BX90: -2.4245363e-14 | BZ90: 2004:Q4 | CA90: 38370 | CB90: Aft-mkt | CC90: 0.06 | CD90: 0.06 | CE90: -2.4245363e-14 | CG90: 2005:Q1 | CH90: 38343 | CI90: 0.72916667 | CJ90: 0.23 | CK90: 0.09 | CL90: -2.4245363e-14 | CN90: 2004:Q4 | CO90: 38379 | CP90: 0.66666667 | CQ90: 0.144 | CR90: 0.143 | CS90: -2.4245363e-14 | DW90: 2005:Q3 | DX90: 38433 | DY90: Aft-mkt | DZ90: 0.16 | EA90: 0.16 | EB90: 0.148 | ED90: 2005:Q4 | EE90: 38400 | EG90: 0.0075 | EH90: 0.0075 | EI90: 0.005 | EK90: 2005:Q1 | EL90: 38428 | EM90: Aft-mkt | EN90: 0.265 | EO90: 0.265 | EP90: 0.244 | EY90: 2004:Q4 | EZ90: 38378 | FA90: 0.29166667 | FB90: 0.75 | FC90: 0.75 | FD90: 0.737 | FF90: 2005:Q1 | FG90: 38456 | FH90: Bef-mkt | FI90: 0.55 | FJ90: 0.55 | FK90: 0.568 | FM90: 2006:Q2 | FN90: 38917 | FO90: 0.29166667 | FP90: 0.95 | FQ90: 0.95 | FR90: 0.868 | FT90: 2005:Q2 | FU90: 38413 | FV90: Bef-mkt | FW90: 0.69 | FX90: 0.55 | FY90: 0.546 | GA90: 2004:Q4 | GB90: 38383 | GC90: 0.36458333 | GD90: 1.3 | GE90: 1.3 | GF90: -2.4245363e-14
A91: 2004:Q4 | B91: 38273 | C91: 0.6875 | D91: 0.0048 | E91: 0.0048 | F91: 0.003 | H91: 2004:Q3 | I91: 38281 | J91: 0.66666667 | K91: 0.0065 | L91: 0.0085 | M91: -2.4245363e-14 | O91: 2004:Q2 | P91: 38194 | R91: 0.0075 | S91: 0.0145 | T91: -2.4245363e-14 | AC91: 2005:Q1 | AD91: 38281 | AE91: 0.67708333 | AF91: 0.31 | AG91: 0.31 | AH91: 0.301 | AJ91: 2004:Q4 | AK91: 38376 | AL91: 0.67013889 | AM91: 0.0013 | AN91: 0.0013 | AO91: 0.001 | AQ91: 2005:Q3 | AR91: 38295 | AS91: 0.67708333 | AT91: 0.0013 | AU91: 0.0013 | AV91: 0.001 | BL91: 2005:Q3 | BM91: 38651 | BO91: -2.4245363e-14 | BP91: 4.7343 | BQ91: 3.542 | BS91: 2004:Q4 | BT91: 38113 | BV91: -2.4245363e-14 | BW91: -2.4245363e-14 | BX91: -2.4245363e-14 | BZ91: 2004:Q3 | CA91: 38267 | CB91: 0.67708333 | CC91: 0.12 | CD91: 0.12 | CE91: -2.4245363e-14 | CG91: 2004:Q4 | CH91: 38259 | CI91: 0.72916667 | CJ91: 0.14 | CK91: 0.14 | CL91: -2.4245363e-14 | CN91: 2004:Q3 | CO91: 38286 | CP91: 0.6875 | CQ91: 0.722 | CR91: 0.108 | CS91: -2.4245363e-14 | DW91: 2005:Q2 | DX91: 38334 | DY91: Bef-mkt | DZ91: 0.16 | EA91: 0.16 | EB91: 0.136 | ED91: 2005:Q3 | EE91: 38308 | EF91: Aft-mkt | EG91: 0.005 | EH91: 0.005 | EI91: 0.003 | EK91: 2004:Q4 | EL91: 38337 | EM91: Aft-mkt | EN91: -2.4245363e-14 | EO91: 0.225 | EP91: 0.21 | EY91: 2004:Q3 | EZ91: 38281 | FA91: 0.29166667 | FB91: 0.69 | FC91: 0.69 | FD91: 0.68 | FF91: 2004:Q4 | FG91: 38372 | FH91: 0.25 | FI91: 0.545 | FJ91: 0.545 | FK91: 0.539 | FM91: 2006:Q1 | FN91: 38826 | FO91: 0.29166667 | FP91: 0.85 | FQ91: 0.87 | FR91: 0.81 | FT91: 2005:Q1 | FU91: 38330 | FV91: Bef-mkt | FW91: 0.4 | FX91: 0.4 | FY91: 0.405 | GA91: 2004:Q3 | GB91: 38288 | GC91: 0.33333333 | GD91: 0.96 | GE91: 0.96 | GF91: -2.4245363e-14
A92: 2004:Q3 | B92: 38182 | C92: 0.6875 | D92: 0.003 | E92: 0.003 | F92: 0.003 | H92: 2004:Q2 | I92: 38190 | K92: 0.009 | L92: 0.009 | M92: -2.4245363e-14 | AC92: 2004:Q4 | AD92: 38190 | AE92: 0.67708333 | AF92: 0.27 | AG92: 0.28 | AH92: 0.281 | AJ92: 2004:Q3 | AK92: 38274 | AL92: 0.68472222 | AM92: 0.0041 | AN92: 0.0041 | AO92: 0.004 | AQ92: 2005:Q2 | AR92: 38204 | AS92: 0.6875 | AT92: 0.0002 | AU92: 0.0003 | AV92: 0.001 | BL92: 2005:S1 | BM92: 38593 | BO92: -2.4245363e-14 | BP92: 6.8384 | BQ92: -2.4245363e-14 | BS92: 2004:Q3 | BT92: 38281 | BV92: -2.4245363e-14 | BW92: -2.4245363e-14 | BX92: -2.4245363e-14 | BZ92: 2004:Q2 | CA92: 38182 | CB92: 0.67708333 | CC92: 0.09 | CD92: 0.09 | CE92: -2.4245363e-14 | CG92: 2004:Q3 | CH92: 38161 | CI92: 0.70833333 | CJ92: 0.13 | CK92: 0.13 | CL92: -2.4245363e-14 | CN92: 2004:Q2 | CO92: 38195 | CP92: 0.6875 | CQ92: 0.067 | CR92: 0.067 | CS92: -2.4245363e-14 | DW92: 2005:Q1 | DX92: 38244 | DY92: 0.66666667 | DZ92: 0.1 | EA92: 0.1 | EB92: 0.091 | ED92: 2005:Q2 | EE92: 38218 | EF92: Aft-mkt | EG92: 0.0025 | EH92: 0.0025 | EI92: 0.003 | EK92: 2004:Q3 | EL92: 38250 | EM92: 0.67708333 | EN92: 0.21 | EO92: 0.215 | EP92: 0.192 | EY92: 2004:Q2 | EZ92: 38190 | FA92: 0.29166667 | FB92: 0.68 | FC92: 0.68 | FD92: 0.679 | FF92: 2004:Q3 | FG92: 38274 | FH92: 0.25 | FI92: 0.52 | FJ92: -2.4245363e-14 | FK92: 0.5 | FM92: 2005:Q4 | FN92: 38735 | FO92: 0.29166667 | FP92: 0.73 | FQ92: 0.73 | FR92: 0.723 | FT92: 2004:Q4 | FU92: 38267 | FV92: Bef-mkt | FW92: 0.62 | FX92: 0.62 | FY92: 0.582 | GA92: 2004:Q2 | GB92: 38197 | GC92: 0.33333333 | GD92: 0.88 | GE92: 0.88 | GF92: -2.4245363e-14
A93: 2004:Q2 | B93: 38091 | C93: Aft-mkt | D93: 0.0021 | E93: 0.0025 | F93: 0.002 | H93: 2004:Q1 | I93: 38099 | K93: 0.013 | L93: 0.0115 | M93: -2.4245363e-14 | AC93: 2004:Q3 | AD93: 38099 | AE93: Aft-mkt | AF93: 0.34 | AG93: 0.34 | AH93: 0.284 | AJ93: 2004:Q2 | AK93: 38169 | AL93: 0.67013889 | AM93: 0.0006 | AN93: 0.0006 | AO93: 0.002 | AQ93: 2005:Q1 | AR93: 38113 | AS93: Aft-mkt | AT93: 0.001 | AU93: 0.001 | AV93: 0.001 | BL93: 2005:Q2 | BM93: 38559 | BO93: -2.4245363e-14 | BP93: 3.5388 | BQ93: 3.444 | BS93: 2004:S1 | BT93: 38190 | BV93: -2.4245363e-14 | BW93: -2.4245363e-14 | BX93: -2.4245363e-14 | BZ93: 2004:Q1 | CA93: 38091 | CB93: Aft-mkt | CC93: 0.12 | CD93: 0.12 | CE93: -2.4245363e-14 | CG93: 2004:Q2 | CH93: 38070 | CI93: Aft-mkt | CJ93: -0.04 | CK93: -0.04 | CL93: -2.4245363e-14 | CN93: 2004:Q1 | CO93: 38104 | CP93: Aft-mkt | CQ93: 0.06 | CR93: 0.06 | CS93: -2.4245363e-14 | DW93: 2004:Q4 | DX93: 38153 | DY93: 0.66666667 | DZ93: 0.19 | EA93: 0.19 | EB93: 0.18 | EK93: 2004:Q2 | EL93: 38155 | EM93: 0.67638889 | EN93: 0.22 | EO93: 0.22 | EP93: 0.213 | EY93: 2004:Q1 | EZ93: 38096 | FA93: Bef-mkt | FB93: 0.7 | FC93: 0.7 | FD93: 0.665 | FF93: 2004:Q2 | FG93: 38183 | FH93: 0.25 | FI93: 0.465 | FJ93: 0.465 | FK93: 0.458 | FM93: 2005:Q3 | FN93: 38644 | FO93: 0.29166667 | FP93: 0.74 | FQ93: 0.75 | FR93: 0.708 | FT93: 2004:Q3 | FU93: 38134 | FV93: 0.16666667 | FW93: 0.409 | FX93: 0.409 | FY93: -2.4245363e-14 | GA93: 2004:Q1 | GB93: 38106 | GD93: 0.83 | GE93: 0.83 | GF93: -2.4245363e-14
A94: 2004:Q1 | B94: 38000 | C94: Aft-mkt | D94: 0.0029 | E94: 0.0029 | F94: 0.003 | H94: 2003:Q4 | I94: 38013 | K94: 0.0085 | L94: 0.0145 | M94: -2.4245363e-14 | AC94: 2004:Q2 | AD94: 38008 | AE94: Aft-mkt | AF94: 0.34 | AG94: 0.34 | AH94: 0.299 | AJ94: 2004:Q1 | AK94: 38092 | AL94: 0.67083333 | AM94: -0.0016 | AN94: -0.0016 | AO94: 0 | AQ94: 2004:Q4 | AR94: 38029 | AS94: Aft-mkt | AT94: 0.0012 | AU94: 0.0012 | AV94: 0.001 | BL94: 2005:Q1 | BM94: 38468 | BN94: Aft-mkt | BO94: -2.4245363e-14 | BP94: 3.097 | BQ94: 3.229 | BS94: 2004:Q1 | BT94: 38099 | BV94: -2.4245363e-14 | BW94: -2.4245363e-14 | BX94: -2.4245363e-14 | BZ94: 2003:Q4 | CA94: 38006 | CC94: 0.09 | CD94: 0.09 | CE94: -2.4245363e-14 | CG94: 2004:Q1 | CH94: 37978 | CI94: Aft-mkt | CJ94: -0.02 | CK94: -0.02 | CL94: -2.4245363e-14 | CN94: 2003:Q4 | CO94: 38015 | CP94: Aft-mkt | CQ94: 0.068 | CR94: 0.068 | CS94: -2.4245363e-14 | DW94: 2004:Q3 | DX94: 38057 | DY94: Aft-mkt | DZ94: 0.12 | EA94: 0.12 | EB94: 0.119 | EK94: 2004:Q1 | EL94: 38064 | EM94: Aft-mkt | EN94: 0.25 | EO94: 0.25 | EP94: 0.198 | EY94: 2003:Q4 | EZ94: 38015 | FA94: Bef-mkt | FB94: 0.67 | FC94: 0.67 | FD94: 0.669 | FF94: 2004:Q1 | FG94: 38092 | FH94: Bef-mkt | FI94: 0.44 | FJ94: 0.44 | FK94: 0.432 | FM94: 2005:Q2 | FN94: 38553 | FO94: 0.29166667 | FP94: 0.64 | FQ94: 0.66 | FR94: 0.665 | FT94: 2004:Q2 | FU94: 38049 | FV94: Bef-mkt | FW94: 0.48 | FX94: 0.48 | FY94: 0.469 | GA94: 2003:Q4 | GB94: 38015 | GC94: Bef-mkt | GD94: 0.668 | GE94: 0.668 | GF94: -2.4245363e-14
A95: 2003:Q4 | B95: 37909 | C95: Aft-mkt | D95: 0.0014 | E95: 0.0014 | F95: 0.001 | H95: 2003:Q3 | I95: 37915 | J95: Aft-mkt | K95: 0.002 | L95: 0.0055 | M95: -2.4245363e-14 | AC95: 2004:Q1 | AD95: 37917 | AE95: Aft-mkt | AF95: 0.3 | AG95: 0.3 | AH95: 0.282 | AJ95: 2003:Q4 | AK95: 38007 | AL95: 0.67361111 | AM95: 0.0005 | AN95: 0.0005 | AO95: 0.001 | AQ95: 2004:Q3 | AR95: 37931 | AS95: Aft-mkt | AT95: 0.0003 | AU95: 0.0003 | AV95: 0.001 | BL95: 2004:Q4 | BM95: 38379 | BO95: -2.4245363e-14 | BP95: -2.4245363e-14 | BQ95: 4.019 | BS95: 2003:A | BT95: 38013 | BV95: -2.4245363e-14 | BW95: -2.4245363e-14 | BX95: -2.4245363e-14 | BZ95: 2003:Q3 | CA95: 37910 | CB95: Aft-mkt | CC95: -0.11 | CD95: -0.09 | CE95: -2.4245363e-14 | CG95: 2003:Q4 | CH95: 37888 | CI95: Aft-mkt | CJ95: -0.28 | CK95: -0.28 | CL95: -2.4245363e-14 | CN95: 2003:Q3 | CO95: 37922 | CP95: Aft-mkt | CQ95: -0.0295 | CR95: -0.0295 | CS95: -2.4245363e-14 | DW95: 2004:Q2 | DX95: 37970 | DY95: Aft-mkt | DZ95: 0.12 | EA95: 0.12 | EB95: 0.109 | EK95: 2003:Q4 | EL95: 37966 | EM95: Aft-mkt | EN95: 0.17 | EO95: 0.17 | EP95: 0.159 | EY95: 2003:Q3 | EZ95: 37916 | FA95: Aft-mkt | FB95: 0.66 | FC95: 0.66 | FD95: 0.66 | FF95: 2003:Q4 | FG95: 38008 | FH95: Bef-mkt | FI95: 0.415 | FJ95: 0.415 | FK95: 0.395 | FM95: 2005:Q1 | FN95: 38462 | FO95: 0.29166667 | FP95: 0.81 | FQ95: 0.81 | FR95: -2.4245363e-14 | FT95: 2004:Q1 | FU95: 37964 | FV95: Bef-mkt | FW95: 0.35 | FX95: 0.35 | FY95: 0.313 | GA95: 2003:Q3 | GB95: 37924 | GC95: Bef-mkt | GD95: 0.55 | GE95: 0.55 | GF95: -2.4245363e-14
A96: 2003:Q3 | B96: 37818 | C96: Aft-mkt | D96: 0.0009 | E96: 0.0009 | F96: 0 | H96: 2003:Q2 | I96: 37824 | J96: Aft-mkt | K96: 0.005 | L96: 0.005 | M96: -2.4245363e-14 | AC96: 2003:Q4 | AD96: 37819 | AE96: Aft-mkt | AF96: 0.38 | AG96: 0.23 | AH96: 0.237 | AJ96: 2003:Q3 | AK96: 37909 | AL96: 0.67083333 | AM96: 0.0007 | AN96: 0.0007 | AO96: 0.001 | AQ96: 2004:Q2 | AR96: 37840 | AS96: Aft-mkt | AT96: 0.0012 | AU96: 0.0012 | AV96: 0.001 | BL96: 2004:Q3 | BM96: 38285 | BO96: -2.4245363e-14 | BP96: -2.4245363e-14 | BQ96: 4.837 | BS96: 2003:Q3 | BT96: 37910 | BV96: -2.4245363e-14 | BW96: -2.4245363e-14 | BX96: -2.4245363e-14 | BZ96: 2003:Q2 | CA96: 37818 | CC96: -0.4 | CD96: -0.4 | CE96: -2.4245363e-14 | CG96: 2003:Q3 | CH96: 37790 | CI96: Aft-mkt | CJ96: -0.36 | CK96: -0.56 | CL96: -2.4245363e-14 | CN96: 2003:Q2 | CO96: 37831 | CP96: Aft-mkt | CQ96: 0.015 | CR96: 0.03 | CS96: -2.4245363e-14 | DW96: 2004:Q1 | DX96: 37876 | DY96: Bef-mkt | DZ96: 0.08 | EA96: 0.08 | EB96: 0.081 | EK96: 2003:Q3 | EL96: 37874 | EM96: Aft-mkt | EN96: 0.14 | EO96: 0.14 | EP96: 0.123 | EY96: 2003:Q2 | EZ96: 37826 | FA96: Bef-mkt | FB96: 0.64 | FC96: 0.64 | FD96: 0.605 | FF96: 2003:Q3 | FG96: 37910 | FH96: Bef-mkt | FI96: 0.385 | FJ96: 0.385 | FK96: 0.371 | FM96: 2004:Q4 | FN96: 38371 | FO96: Bef-mkt | FP96: 0.64 | FQ96: 0.64 | FR96: -2.4245363e-14 | FT96: 2003:Q4 | FU96: 37902 | FV96: Bef-mkt | FW96: 0.52 | FX96: 0.52 | FY96: 0.471 | GA96: 2003:Q2 | GB96: 37833 | GD96: 0.62 | GE96: 0.62 | GF96: -2.4245363e-14
A97: 2003:Q2 | B97: 37727 | C97: Aft-mkt | D97: 0.0007 | E97: 0.0007 | F97: 0 | H97: 2003:Q1 | I97: 37735 | K97: -0.0015 | L97: 0.005 | M97: -2.4245363e-14 | AC97: 2003:Q3 | AD97: 37726 | AE97: Aft-mkt | AF97: 0.26 | AG97: 0.26 | AH97: 0.24 | AJ97: 2003:Q2 | AK97: 37819 | AL97: 0.66805556 | AM97: 0.0008 | AN97: 0.0008 | AO97: 0.001 | AQ97: 2004:Q1 | AR97: 37749 | AT97: 0.001 | AU97: 0.001 | AV97: 0.001 | BL97: 2004:Q2 | BM97: 38197 | BN97: 0.5625 | BO97: -2.4245363e-14 | BP97: -2.4245363e-14 | BQ97: 3.947 | BS97: 2003:S1 | BT97: 37824 | BV97: -2.4245363e-14 | BW97: -2.4245363e-14 | BX97: -2.4245363e-14 | BZ97: 2003:Q1 | CA97: 37727 | CB97: Aft-mkt | CC97: -0.42 | CD97: -0.42 | CE97: -2.4245363e-14 | CG97: 2003:Q2 | CH97: 37700 | CI97: Aft-mkt | CJ97: -1.02 | CK97: -0.64 | CL97: -2.4245363e-14 | CN97: 2003:Q1 | CO97: 37740 | CP97: Aft-mkt | CQ97: 0.005 | CR97: 0.012 | CS97: -2.4245363e-14 | DW97: 2003:Q4 | DX97: 37784 | DY97: Aft-mkt | DZ97: 0.16 | EA97: 0.16 | EB97: 0.14 | EK97: 2003:Q2 | EL97: 37784 | EM97: Aft-mkt | EN97: 0.135 | EO97: 0.14 | EP97: 0.131 | EY97: 2003:Q1 | EZ97: 37733 | FB97: 0.61 | FC97: 0.61 | FD97: 0.577 | FF97: 2003:Q2 | FG97: 37819 | FH97: Bef-mkt | FI97: 0.355 | FJ97: 0.355 | FK97: 0.337 | FM97: 2004:Q3 | FN97: 38280 | FO97: 0.29166667 | FP97: 0.6 | FQ97: 0.6 | FR97: -2.4245363e-14 | FT97: 2003:Q3 | FU97: 37769 | FV97: Bef-mkt | FW97: 0.34 | FX97: 0.34 | FY97: 0.311 | GA97: 2003:Q1 | GB97: 37742 | GD97: 0.713 | GE97: 0.713 | GF97: -2.4245363e-14
A98: 2003:Q1 | B98: 37636 | C98: Aft-mkt | D98: -0.0004 | E98: 0.0005 | F98: 0.001 | H98: 2002:Q4 | I98: 37644 | K98: 0.0095 | L98: 0.0095 | M98: -2.4245363e-14 | AC98: 2003:Q2 | AD98: 37637 | AE98: Aft-mkt | AF98: 0.085 | AG98: 0.27 | AH98: 0.232 | AJ98: 2003:Q1 | AK98: 37728 | AL98: 0.67083333 | AM98: -0.0006 | AN98: -0.0014 | AO98: -0.001 | AQ98: 2003:Q4 | AR98: 37665 | AT98: 0.0025 | AU98: 0.0025 | AV98: 0 | BL98: 2004:Q1 | BM98: 38104 | BO98: -2.4245363e-14 | BP98: -2.4245363e-14 | BQ98: 3.036 | BS98: 2003:Q1 | BT98: 37727 | BV98: -2.4245363e-14 | BW98: -2.4245363e-14 | BX98: -2.4245363e-14 | BZ98: 2002:Q4 | CA98: 37637 | CC98: -0.69 | CD98: -0.68 | CE98: -2.4245363e-14 | CG98: 2003:Q1 | CH98: 37607 | CI98: Aft-mkt | CJ98: -0.52 | CK98: -0.57 | CL98: -2.4245363e-14 | CN98: 2002:Q4 | CO98: 37651 | CP98: Aft-mkt | CQ98: 0.03 | CR98: 0.04 | CS98: -2.4245363e-14 | DW98: 2003:Q3 | DX98: 37698 | DY98: Aft-mkt | DZ98: 0.11 | EA98: 0.11 | EB98: 0.1 | EK98: 2003:Q1 | EL98: 37693 | EM98: Aft-mkt | EN98: 0.125 | EO98: 0.125 | EP98: 0.108 | EY98: 2002:Q4 | EZ98: 37644 | FA98: Bef-mkt | FB98: 0.68 | FC98: 0.68 | FD98: 0.683 | FF98: 2003:Q1 | FG98: 37727 | FH98: Bef-mkt | FI98: 0.3225 | FJ98: 0.3225 | FK98: 0.311 | FM98: 2004:Q2 | FN98: 38189 | FO98: 0.29166667 | FP98: 0.85 | FQ98: 0.85 | FR98: -2.4245363e-14 | FT98: 2003:Q2 | FU98: 37685 | FW98: 0.43 | FX98: 0.43 | FY98: 0.424 | GA98: 2002:Q4 | GB98: 37651 | GD98: 0.56 | GE98: 0.56 | GF98: -2.4245363e-14
A99: 2002:Q4 | B99: 37545 | C99: Aft-mkt | D99: 0.0004 | E99: 0.0004 | F99: 0 | H99: 2002:Q3 | I99: 37553 | K99: -0.0045 | L99: 0 | M99: -2.4245363e-14 | AC99: 2003:Q1 | AD99: 37546 | AE99: Aft-mkt | AF99: 0.095 | AG99: 0.28 | AH99: 0.211 | AJ99: 2002:Q4 | AK99: 37636 | AL99: 0.67083333 | AM99: -0.0007 | AN99: -0.0007 | AO99: -0.001 | AQ99: 2003:Q3 | AR99: 37567 | AS99: Aft-mkt | AT99: -0.0005 | AU99: -0.0005 | AV99: 0.001 | BL99: 2003:A | BM99: 38015 | BO99: 8.9554 | BP99: 9.3015 | BQ99: 8.981 | BS99: 2002:A | BT99: 37644 | BV99: -2.4245363e-14 | BW99: -2.4245363e-14 | BX99: -2.4245363e-14 | BZ99: 2002:Q3 | CA99: 37545 | CB99: Aft-mkt | CC99: -0.74 | CD99: -0.74 | CE99: -2.4245363e-14 | CG99: 2002:Q4 | CH99: 37523 | CI99: Aft-mkt | CJ99: -0.97 | CK99: -0.18 | CL99: -2.4245363e-14 | CN99: 2002:Q3 | CO99: 37553 | CP99: Aft-mkt | CQ99: 0.018 | CR99: 0.008 | CS99: -2.4245363e-14 | DW99: 2003:Q2 | DX99: 37608 | DY99: Aft-mkt | DZ99: 0.1 | EA99: 0.1 | EB99: 0.084 | EK99: 2002:Q4 | EL99: 37602 | EM99: Aft-mkt | EN99: 0.125 | EO99: 0.125 | EP99: 0.113 | EY99: 2002:Q3 | EZ99: 37552 | FA99: Bef-mkt | FB99: 0.68 | FC99: 0.68 | FD99: 0.682 | FF99: 2002:Q4 | FG99: 37644 | FH99: Bef-mkt | FI99: 0.3 | FJ99: 0.3 | FK99: 0.29 | FM99: 2004:Q1 | FN99: 38098 | FO99: Bef-mkt | FP99: 0.92 | FQ99: 0.92 | FR99: -2.4245363e-14 | FT99: 2003:Q1 | FU99: 37602 | FW99: 0.32 | FX99: 0.32 | FY99: 0.308 | GA99: 2002:Q3 | GB99: 37560 | GD99: 0.44 | GE99: -2.4245363e-14 | GF99: -2.4245363e-14
A100: 2002:Q3 | B100: 37453 | C100: Aft-mkt | D100: 0.0016 | E100: 0.0016 | F100: 0.002 | H100: 2002:Q2 | I100: 37460 | K100: -0.0125 | L100: -0.0005 | M100: -2.4245363e-14 | AC100: 2002:Q4 | AD100: 37455 | AE100: Aft-mkt | AF100: 0.215 | AG100: 0.215 | AH100: 0.208 | AJ100: 2002:Q3 | AK100: 37546 | AL100: 0.66736111 | AM100: -0.0009 | AN100: -0.0006 | AO100: -0.001 | AQ100: 2003:Q2 | AR100: 37483 | AS100: Aft-mkt | AT100: 0.0002 | AU100: 0.0003 | AV100: 0.001 | BL100: 2003:Q4 | BM100: 38071 | BO100: -2.4245363e-14 | BP100: -2.4245363e-14 | BQ100: 3.117 | BS100: 2002:Q3 | BT100: 37546 | BV100: -2.4245363e-14 | BW100: -2.4245363e-14 | BX100: -2.4245363e-14 | BZ100: 2002:Q2 | CA100: 37454 | CB100: Aft-mkt | CC100: -0.54 | CD100: -0.54 | CE100: -2.4245363e-14 | CG100: 2002:Q3 | CH100: 37432 | CI100: Aft-mkt | CJ100: -0.04 | CK100: -0.04 | CL100: -2.4245363e-14 | CN100: 2002:Q2 | CO100: 37467 | CP100: Aft-mkt | CQ100: 2.41 | CR100: 0.05 | CS100: -2.4245363e-14 | DW100: 2003:Q1 | DX100: 37516 | DY100: Aft-mkt | DZ100: 0.06 | EA100: 0.07 | EB100: 0.072 | EK100: 2002:Q3 | EL100: 37511 | EM100: Aft-mkt | EN100: 0.095 | EO100: 0.11 | EP100: 0.096 | EY100: 2002:Q2 | EZ100: 37455 | FA100: Bef-mkt | FB100: 0.61 | FC100: 0.61 | FD100: 0.614 | FF100: 2002:Q3 | FG100: 37546 | FH100: Bef-mkt | FI100: 0.28 | FJ100: 0.28 | FK100: 0.266 | FM100: 2003:Q4 | FN100: 38007 | FO100: Bef-mkt | FP100: 0.89 | FQ100: 0.89 | FR100: -2.4245363e-14 | FT100: 2002:Q4 | FU100: 37539 | FV100: Bef-mkt | FW100: 0.52 | FX100: 0.53 | FY100: 0.493 | GA100: 2002:Q2 | GB100: 37469 | GD100: 0.38 | GE100: 0.39 | GF100: -2.4245363e-14
